community,weekday,hour,predicted_hourly_trips,available_scooters,trips_per_available_scooter
Near North Side,2,6,60.0,69.0,0.8695652173913043
Near South Side,2,6,7.25,17.0,0.4264705882352941
Near West Side,2,6,36.25,134.0,0.27052238805970147
Uptown,2,6,11.5,153.0,0.07516339869281045
Lincoln Park,2,6,32.5,531.0,0.06120527306967985
Lake View,2,6,34.0,574.0,0.059233449477351915
West Town,2,6,24.0,708.0,0.03389830508474576
Logan Square,2,6,13.25,567.0,0.023368606701940034
Austin,2,6,7.5,705.0,0.010638297872340425
Loop,2,6,23.5,0.0,
