start_community_area_name,weekday,hour,predicted_trips
Austin,0,0,8.666666666666666
Austin,0,1,1.0
Austin,0,4,1.0
Austin,0,5,6.0
Austin,0,6,12.5
Austin,0,7,16.0
Austin,0,8,30.25
Austin,0,9,28.25
Austin,0,10,34.0
Austin,0,11,32.75
Austin,0,12,44.0
Austin,0,13,41.25
Austin,0,14,43.5
Austin,0,15,70.0
Austin,0,16,51.75
Austin,0,17,57.5
Austin,0,18,70.5
Austin,0,19,63.0
Austin,0,20,63.5
Austin,0,21,39.5
Austin,0,22,31.5
Austin,0,23,22.25
Austin,1,0,9.0
Austin,1,2,1.0
Austin,1,3,1.0
Austin,1,5,6.0
Austin,1,6,13.5
Austin,1,7,21.75
Austin,1,8,27.5
Austin,1,9,31.75
Austin,1,10,39.0
Austin,1,11,34.25
Austin,1,12,38.75
Austin,1,13,56.0
Austin,1,14,59.0
Austin,1,15,58.5
Austin,1,16,70.0
Austin,1,17,59.5
Austin,1,18,56.75
Austin,1,19,53.0
Austin,1,20,45.0
Austin,1,21,32.0
Austin,1,22,27.25
Austin,1,23,31.5
Austin,2,0,14.5
Austin,2,1,1.0
Austin,2,3,1.0
Austin,2,4,1.0
Austin,2,5,4.0
Austin,2,6,7.5
Austin,2,7,18.75
Austin,2,8,20.5
Austin,2,9,34.333333333333336
Austin,2,10,28.5
Austin,2,11,34.75
Austin,2,12,29.0
Austin,2,13,41.5
Austin,2,14,58.75
Austin,2,15,69.5
Austin,2,16,68.75
Austin,2,17,67.5
Austin,2,18,60.75
Austin,2,19,65.5
Austin,2,20,63.5
Austin,2,21,44.75
Austin,2,22,37.0
Austin,2,23,23.5
Austin,3,0,10.666666666666666
Austin,3,2,1.0
Austin,3,5,4.0
Austin,3,6,10.666666666666666
Austin,3,7,23.666666666666668
Austin,3,8,24.666666666666668
Austin,3,9,33.0
Austin,3,10,37.333333333333336
Austin,3,11,37.666666666666664
Austin,3,12,42.666666666666664
Austin,3,13,33.666666666666664
Austin,3,14,32.666666666666664
Austin,3,15,21.666666666666668
Austin,3,16,24.333333333333332
Austin,3,17,29.666666666666668
Austin,3,18,42.666666666666664
Austin,3,19,61.333333333333336
Austin,3,20,60.333333333333336
Austin,3,21,66.0
Austin,3,22,53.0
Austin,3,23,30.0
Austin,4,0,13.666666666666666
Austin,4,5,6.333333333333333
Austin,4,6,11.333333333333334
Austin,4,7,19.666666666666668
Austin,4,8,26.0
Austin,4,9,31.0
Austin,4,10,26.666666666666668
Austin,4,11,34.333333333333336
Austin,4,12,55.0
Austin,4,13,59.0
Austin,4,14,62.666666666666664
Austin,4,15,62.0
Austin,4,16,79.0
Austin,4,17,77.66666666666667
Austin,4,18,70.66666666666667
Austin,4,19,87.0
Austin,4,20,65.33333333333333
Austin,4,21,54.666666666666664
Austin,4,22,48.666666666666664
Austin,4,23,43.333333333333336
Austin,5,0,12.0
Austin,5,5,4.333333333333333
Austin,5,6,8.666666666666666
Austin,5,7,17.333333333333332
Austin,5,8,19.666666666666668
Austin,5,9,25.666666666666668
Austin,5,10,27.333333333333332
Austin,5,11,40.333333333333336
Austin,5,12,49.666666666666664
Austin,5,13,44.0
Austin,5,14,62.666666666666664
Austin,5,15,54.0
Austin,5,16,50.333333333333336
Austin,5,17,50.333333333333336
Austin,5,18,56.666666666666664
Austin,5,19,60.0
Austin,5,20,65.33333333333333
Austin,5,21,68.0
Austin,5,22,48.0
Austin,5,23,30.666666666666668
Austin,6,0,10.0
Austin,6,2,1.0
Austin,6,5,4.0
Austin,6,6,11.0
Austin,6,7,11.666666666666666
Austin,6,8,17.666666666666668
Austin,6,9,20.666666666666668
Austin,6,10,24.0
Austin,6,11,44.0
Austin,6,12,31.666666666666668
Austin,6,13,32.0
Austin,6,14,39.666666666666664
Austin,6,15,37.333333333333336
Austin,6,16,32.333333333333336
Austin,6,17,24.666666666666668
Austin,6,18,33.0
Austin,6,19,37.333333333333336
Austin,6,20,27.666666666666668
Austin,6,21,40.333333333333336
Austin,6,22,32.666666666666664
Austin,6,23,22.333333333333332
Lake View,0,0,19.25
Lake View,0,1,7.0
Lake View,0,2,3.5
Lake View,0,3,1.75
Lake View,0,4,3.0
Lake View,0,5,12.0
Lake View,0,6,38.25
Lake View,0,7,74.5
Lake View,0,8,121.0
Lake View,0,9,119.25
Lake View,0,10,95.25
Lake View,0,11,100.75
Lake View,0,12,119.25
Lake View,0,13,120.75
Lake View,0,14,116.75
Lake View,0,15,127.25
Lake View,0,16,169.75
Lake View,0,17,240.5
Lake View,0,18,343.75
Lake View,0,19,295.75
Lake View,0,20,218.0
Lake View,0,21,210.25
Lake View,0,22,171.75
Lake View,0,23,73.25
Lake View,1,0,36.25
Lake View,1,1,4.75
Lake View,1,2,2.5
Lake View,1,3,2.0
Lake View,1,4,2.0
Lake View,1,5,10.5
Lake View,1,6,46.25
Lake View,1,7,103.0
Lake View,1,8,157.25
Lake View,1,9,116.25
Lake View,1,10,87.5
Lake View,1,11,106.25
Lake View,1,12,118.75
Lake View,1,13,144.25
Lake View,1,14,153.5
Lake View,1,15,171.75
Lake View,1,16,196.0
Lake View,1,17,236.0
Lake View,1,18,291.25
Lake View,1,19,229.25
Lake View,1,20,183.0
Lake View,1,21,160.75
Lake View,1,22,184.5
Lake View,1,23,133.75
Lake View,2,0,65.25
Lake View,2,1,4.0
Lake View,2,2,6.25
Lake View,2,3,1.0
Lake View,2,4,3.3333333333333335
Lake View,2,5,9.75
Lake View,2,6,34.0
Lake View,2,7,62.5
Lake View,2,8,125.0
Lake View,2,9,89.25
Lake View,2,10,74.25
Lake View,2,11,100.5
Lake View,2,12,120.5
Lake View,2,13,128.5
Lake View,2,14,139.0
Lake View,2,15,185.0
Lake View,2,16,257.75
Lake View,2,17,310.75
Lake View,2,18,339.75
Lake View,2,19,343.5
Lake View,2,20,260.0
Lake View,2,21,204.0
Lake View,2,22,171.5
Lake View,2,23,108.5
Lake View,3,0,54.333333333333336
Lake View,3,1,13.666666666666666
Lake View,3,2,7.666666666666667
Lake View,3,3,4.0
Lake View,3,4,2.0
Lake View,3,5,6.333333333333333
Lake View,3,6,36.666666666666664
Lake View,3,7,77.0
Lake View,3,8,132.33333333333334
Lake View,3,9,129.66666666666666
Lake View,3,10,107.33333333333333
Lake View,3,11,115.33333333333333
Lake View,3,12,169.66666666666666
Lake View,3,13,175.0
Lake View,3,14,156.33333333333334
Lake View,3,15,126.33333333333333
Lake View,3,16,184.33333333333334
Lake View,3,17,207.0
Lake View,3,18,255.0
Lake View,3,19,266.0
Lake View,3,20,222.0
Lake View,3,21,173.33333333333334
Lake View,3,22,144.66666666666666
Lake View,3,23,112.0
Lake View,4,0,51.0
Lake View,4,1,12.0
Lake View,4,2,7.333333333333333
Lake View,4,3,8.666666666666666
Lake View,4,4,3.6666666666666665
Lake View,4,5,6.0
Lake View,4,6,40.333333333333336
Lake View,4,7,62.0
Lake View,4,8,111.33333333333333
Lake View,4,9,123.33333333333333
Lake View,4,10,104.0
Lake View,4,11,160.33333333333334
Lake View,4,12,182.33333333333334
Lake View,4,13,252.33333333333334
Lake View,4,14,243.33333333333334
Lake View,4,15,257.3333333333333
Lake View,4,16,373.0
Lake View,4,17,435.0
Lake View,4,18,447.0
Lake View,4,19,386.3333333333333
Lake View,4,20,311.3333333333333
Lake View,4,21,248.66666666666666
Lake View,4,22,207.66666666666666
Lake View,4,23,197.0
Lake View,5,0,120.33333333333333
Lake View,5,1,20.0
Lake View,5,2,19.666666666666668
Lake View,5,3,6.0
Lake View,5,4,5.333333333333333
Lake View,5,5,12.0
Lake View,5,6,27.333333333333332
Lake View,5,7,43.666666666666664
Lake View,5,8,98.0
Lake View,5,9,161.66666666666666
Lake View,5,10,214.0
Lake View,5,11,284.3333333333333
Lake View,5,12,327.3333333333333
Lake View,5,13,342.6666666666667
Lake View,5,14,371.0
Lake View,5,15,364.3333333333333
Lake View,5,16,319.0
Lake View,5,17,275.0
Lake View,5,18,270.3333333333333
Lake View,5,19,302.0
Lake View,5,20,299.3333333333333
Lake View,5,21,333.6666666666667
Lake View,5,22,275.0
Lake View,5,23,210.66666666666666
Lake View,6,0,96.66666666666667
Lake View,6,1,28.333333333333332
Lake View,6,2,15.333333333333334
Lake View,6,3,11.333333333333334
Lake View,6,4,4.666666666666667
Lake View,6,5,19.333333333333332
Lake View,6,6,20.666666666666668
Lake View,6,7,30.333333333333332
Lake View,6,8,53.0
Lake View,6,9,83.33333333333333
Lake View,6,10,131.66666666666666
Lake View,6,11,189.0
Lake View,6,12,207.0
Lake View,6,13,254.0
Lake View,6,14,247.33333333333334
Lake View,6,15,207.33333333333334
Lake View,6,16,292.3333333333333
Lake View,6,17,185.33333333333334
Lake View,6,18,163.66666666666666
Lake View,6,19,166.33333333333334
Lake View,6,20,146.66666666666666
Lake View,6,21,149.33333333333334
Lake View,6,22,155.0
Lake View,6,23,71.0
Lincoln Park,0,0,10.75
Lincoln Park,0,1,3.25
Lincoln Park,0,2,4.25
Lincoln Park,0,3,5.0
Lincoln Park,0,4,1.3333333333333333
Lincoln Park,0,5,11.0
Lincoln Park,0,6,38.5
Lincoln Park,0,7,89.75
Lincoln Park,0,8,158.25
Lincoln Park,0,9,133.5
Lincoln Park,0,10,85.0
Lincoln Park,0,11,91.0
Lincoln Park,0,12,110.0
Lincoln Park,0,13,137.5
Lincoln Park,0,14,130.0
Lincoln Park,0,15,147.75
Lincoln Park,0,16,166.75
Lincoln Park,0,17,256.5
Lincoln Park,0,18,299.0
Lincoln Park,0,19,297.5
Lincoln Park,0,20,236.25
Lincoln Park,0,21,184.25
Lincoln Park,0,22,111.0
Lincoln Park,0,23,61.0
Lincoln Park,1,0,17.75
Lincoln Park,1,1,3.5
Lincoln Park,1,2,1.3333333333333333
Lincoln Park,1,3,2.0
Lincoln Park,1,5,9.5
Lincoln Park,1,6,42.75
Lincoln Park,1,7,113.5
Lincoln Park,1,8,187.25
Lincoln Park,1,9,147.5
Lincoln Park,1,10,83.0
Lincoln Park,1,11,98.5
Lincoln Park,1,12,114.75
Lincoln Park,1,13,135.5
Lincoln Park,1,14,118.25
Lincoln Park,1,15,132.5
Lincoln Park,1,16,166.25
Lincoln Park,1,17,194.25
Lincoln Park,1,18,242.25
Lincoln Park,1,19,255.75
Lincoln Park,1,20,163.0
Lincoln Park,1,21,153.5
Lincoln Park,1,22,123.75
Lincoln Park,1,23,81.75
Lincoln Park,2,0,31.0
Lincoln Park,2,1,3.3333333333333335
Lincoln Park,2,2,5.0
Lincoln Park,2,3,3.0
Lincoln Park,2,4,1.0
Lincoln Park,2,5,6.25
Lincoln Park,2,6,32.5
Lincoln Park,2,7,93.0
Lincoln Park,2,8,151.75
Lincoln Park,2,9,114.5
Lincoln Park,2,10,85.25
Lincoln Park,2,11,83.25
Lincoln Park,2,12,98.75
Lincoln Park,2,13,114.25
Lincoln Park,2,14,118.5
Lincoln Park,2,15,150.0
Lincoln Park,2,16,193.75
Lincoln Park,2,17,265.25
Lincoln Park,2,18,289.0
Lincoln Park,2,19,304.25
Lincoln Park,2,20,288.0
Lincoln Park,2,21,237.25
Lincoln Park,2,22,189.25
Lincoln Park,2,23,101.0
Lincoln Park,3,0,41.666666666666664
Lincoln Park,3,1,12.0
Lincoln Park,3,2,22.0
Lincoln Park,3,3,3.0
Lincoln Park,3,4,1.5
Lincoln Park,3,5,7.333333333333333
Lincoln Park,3,6,41.666666666666664
Lincoln Park,3,7,73.66666666666667
Lincoln Park,3,8,148.0
Lincoln Park,3,9,125.66666666666667
Lincoln Park,3,10,105.0
Lincoln Park,3,11,120.66666666666667
Lincoln Park,3,12,152.66666666666666
Lincoln Park,3,13,162.66666666666666
Lincoln Park,3,14,163.0
Lincoln Park,3,15,149.0
Lincoln Park,3,16,175.0
Lincoln Park,3,17,198.66666666666666
Lincoln Park,3,18,290.3333333333333
Lincoln Park,3,19,309.0
Lincoln Park,3,20,262.3333333333333
Lincoln Park,3,21,193.66666666666666
Lincoln Park,3,22,173.66666666666666
Lincoln Park,3,23,115.33333333333333
Lincoln Park,4,0,39.0
Lincoln Park,4,1,11.666666666666666
Lincoln Park,4,2,15.0
Lincoln Park,4,3,2.3333333333333335
Lincoln Park,4,4,1.0
Lincoln Park,4,5,9.333333333333334
Lincoln Park,4,6,40.666666666666664
Lincoln Park,4,7,70.33333333333333
Lincoln Park,4,8,125.0
Lincoln Park,4,9,124.66666666666667
Lincoln Park,4,10,88.33333333333333
Lincoln Park,4,11,150.0
Lincoln Park,4,12,212.0
Lincoln Park,4,13,234.33333333333334
Lincoln Park,4,14,226.33333333333334
Lincoln Park,4,15,281.3333333333333
Lincoln Park,4,16,289.3333333333333
Lincoln Park,4,17,350.0
Lincoln Park,4,18,387.3333333333333
Lincoln Park,4,19,341.0
Lincoln Park,4,20,275.3333333333333
Lincoln Park,4,21,239.33333333333334
Lincoln Park,4,22,206.66666666666666
Lincoln Park,4,23,162.0
Lincoln Park,5,0,71.33333333333333
Lincoln Park,5,1,30.666666666666668
Lincoln Park,5,2,23.0
Lincoln Park,5,3,10.666666666666666
Lincoln Park,5,4,5.333333333333333
Lincoln Park,5,5,8.666666666666666
Lincoln Park,5,6,27.333333333333332
Lincoln Park,5,7,41.666666666666664
Lincoln Park,5,8,88.33333333333333
Lincoln Park,5,9,146.0
Lincoln Park,5,10,213.33333333333334
Lincoln Park,5,11,305.6666666666667
Lincoln Park,5,12,373.0
Lincoln Park,5,13,418.0
Lincoln Park,5,14,453.3333333333333
Lincoln Park,5,15,477.3333333333333
Lincoln Park,5,16,409.3333333333333
Lincoln Park,5,17,460.6666666666667
Lincoln Park,5,18,374.6666666666667
Lincoln Park,5,19,346.0
Lincoln Park,5,20,285.3333333333333
Lincoln Park,5,21,224.33333333333334
Lincoln Park,5,22,203.66666666666666
Lincoln Park,5,23,184.66666666666666
Lincoln Park,6,0,54.333333333333336
Lincoln Park,6,1,27.333333333333332
Lincoln Park,6,2,14.0
Lincoln Park,6,3,7.0
Lincoln Park,6,4,3.0
Lincoln Park,6,5,10.333333333333334
Lincoln Park,6,6,16.333333333333332
Lincoln Park,6,7,27.333333333333332
Lincoln Park,6,8,49.0
Lincoln Park,6,9,73.66666666666667
Lincoln Park,6,10,119.66666666666667
Lincoln Park,6,11,174.0
Lincoln Park,6,12,243.66666666666666
Lincoln Park,6,13,274.3333333333333
Lincoln Park,6,14,300.3333333333333
Lincoln Park,6,15,276.0
Lincoln Park,6,16,261.6666666666667
Lincoln Park,6,17,216.0
Lincoln Park,6,18,206.0
Lincoln Park,6,19,174.66666666666666
Lincoln Park,6,20,170.0
Lincoln Park,6,21,110.33333333333333
Lincoln Park,6,22,85.66666666666667
Lincoln Park,6,23,41.666666666666664
Logan Square,0,0,11.333333333333334
Logan Square,0,1,2.75
Logan Square,0,2,1.0
Logan Square,0,3,1.5
Logan Square,0,4,1.5
Logan Square,0,5,7.25
Logan Square,0,6,16.25
Logan Square,0,7,35.75
Logan Square,0,8,54.0
Logan Square,0,9,44.25
Logan Square,0,10,41.0
Logan Square,0,11,41.25
Logan Square,0,12,43.75
Logan Square,0,13,53.75
Logan Square,0,14,50.0
Logan Square,0,15,57.5
Logan Square,0,16,58.0
Logan Square,0,17,109.25
Logan Square,0,18,128.5
Logan Square,0,19,93.5
Logan Square,0,20,73.25
Logan Square,0,21,66.25
Logan Square,0,22,42.25
Logan Square,0,23,24.25
Logan Square,1,0,16.25
Logan Square,1,1,2.0
Logan Square,1,2,2.6666666666666665
Logan Square,1,3,1.0
Logan Square,1,5,4.5
Logan Square,1,6,13.0
Logan Square,1,7,37.25
Logan Square,1,8,77.25
Logan Square,1,9,59.0
Logan Square,1,10,47.5
Logan Square,1,11,48.25
Logan Square,1,12,50.0
Logan Square,1,13,57.5
Logan Square,1,14,58.75
Logan Square,1,15,76.5
Logan Square,1,16,90.25
Logan Square,1,17,120.75
Logan Square,1,18,101.25
Logan Square,1,19,94.25
Logan Square,1,20,61.25
Logan Square,1,21,57.25
Logan Square,1,22,42.5
Logan Square,1,23,30.75
Logan Square,2,0,11.25
Logan Square,2,1,1.0
Logan Square,2,2,2.5
Logan Square,2,3,1.0
Logan Square,2,4,1.0
Logan Square,2,5,4.75
Logan Square,2,6,13.25
Logan Square,2,7,38.0
Logan Square,2,8,53.0
Logan Square,2,9,44.25
Logan Square,2,10,44.5
Logan Square,2,11,39.75
Logan Square,2,12,40.0
Logan Square,2,13,49.0
Logan Square,2,14,58.0
Logan Square,2,15,73.0
Logan Square,2,16,84.5
Logan Square,2,17,119.0
Logan Square,2,18,123.25
Logan Square,2,19,120.0
Logan Square,2,20,80.75
Logan Square,2,21,68.0
Logan Square,2,22,55.0
Logan Square,2,23,38.5
Logan Square,3,0,19.666666666666668
Logan Square,3,1,3.6666666666666665
Logan Square,3,2,1.5
Logan Square,3,3,2.0
Logan Square,3,5,4.666666666666667
Logan Square,3,6,9.0
Logan Square,3,7,30.0
Logan Square,3,8,57.333333333333336
Logan Square,3,9,57.0
Logan Square,3,10,44.666666666666664
Logan Square,3,11,46.666666666666664
Logan Square,3,12,59.333333333333336
Logan Square,3,13,45.333333333333336
Logan Square,3,14,47.0
Logan Square,3,15,32.333333333333336
Logan Square,3,16,49.333333333333336
Logan Square,3,17,54.0
Logan Square,3,18,88.33333333333333
Logan Square,3,19,77.0
Logan Square,3,20,67.0
Logan Square,3,21,68.66666666666667
Logan Square,3,22,63.0
Logan Square,3,23,46.0
Logan Square,4,0,20.0
Logan Square,4,1,6.5
Logan Square,4,2,3.0
Logan Square,4,4,3.0
Logan Square,4,5,5.666666666666667
Logan Square,4,6,14.0
Logan Square,4,7,26.333333333333332
Logan Square,4,8,33.666666666666664
Logan Square,4,9,47.333333333333336
Logan Square,4,10,37.666666666666664
Logan Square,4,11,64.0
Logan Square,4,12,67.33333333333333
Logan Square,4,13,84.0
Logan Square,4,14,86.66666666666667
Logan Square,4,15,80.33333333333333
Logan Square,4,16,94.33333333333333
Logan Square,4,17,121.66666666666667
Logan Square,4,18,133.0
Logan Square,4,19,125.66666666666667
Logan Square,4,20,116.0
Logan Square,4,21,91.33333333333333
Logan Square,4,22,87.66666666666667
Logan Square,4,23,64.33333333333333
Logan Square,5,0,32.666666666666664
Logan Square,5,1,11.0
Logan Square,5,2,6.666666666666667
Logan Square,5,3,2.5
Logan Square,5,4,1.0
Logan Square,5,5,5.0
Logan Square,5,6,10.0
Logan Square,5,7,14.0
Logan Square,5,8,29.333333333333332
Logan Square,5,9,44.0
Logan Square,5,10,65.0
Logan Square,5,11,73.0
Logan Square,5,12,92.0
Logan Square,5,13,102.0
Logan Square,5,14,107.66666666666667
Logan Square,5,15,111.66666666666667
Logan Square,5,16,94.33333333333333
Logan Square,5,17,87.66666666666667
Logan Square,5,18,82.0
Logan Square,5,19,99.0
Logan Square,5,20,113.66666666666667
Logan Square,5,21,92.66666666666667
Logan Square,5,22,75.66666666666667
Logan Square,5,23,78.33333333333333
Logan Square,6,0,29.0
Logan Square,6,1,6.0
Logan Square,6,2,6.333333333333333
Logan Square,6,3,3.0
Logan Square,6,4,3.0
Logan Square,6,5,7.333333333333333
Logan Square,6,6,10.0
Logan Square,6,7,11.666666666666666
Logan Square,6,8,15.333333333333334
Logan Square,6,9,26.0
Logan Square,6,10,47.333333333333336
Logan Square,6,11,58.666666666666664
Logan Square,6,12,69.33333333333333
Logan Square,6,13,80.0
Logan Square,6,14,90.66666666666667
Logan Square,6,15,69.66666666666667
Logan Square,6,16,70.66666666666667
Logan Square,6,17,44.333333333333336
Logan Square,6,18,48.333333333333336
Logan Square,6,19,47.333333333333336
Logan Square,6,20,46.666666666666664
Logan Square,6,21,48.666666666666664
Logan Square,6,22,48.0
Logan Square,6,23,29.666666666666668
Loop,0,0,34.75
Loop,0,1,9.0
Loop,0,2,3.5
Loop,0,3,6.5
Loop,0,4,2.0
Loop,0,5,9.25
Loop,0,6,29.75
Loop,0,7,65.75
Loop,0,8,95.0
Loop,0,9,113.25
Loop,0,10,83.5
Loop,0,11,96.0
Loop,0,12,132.0
Loop,0,13,129.75
Loop,0,14,155.0
Loop,0,15,179.25
Loop,0,16,223.25
Loop,0,17,357.0
Loop,0,18,232.5
Loop,0,19,178.25
Loop,0,20,142.25
Loop,0,21,108.0
Loop,0,22,62.25
Loop,0,23,37.75
Loop,1,0,11.75
Loop,1,1,6.75
Loop,1,2,1.3333333333333333
Loop,1,4,1.5
Loop,1,5,9.0
Loop,1,6,29.75
Loop,1,7,70.25
Loop,1,8,145.75
Loop,1,9,129.5
Loop,1,10,92.5
Loop,1,11,102.75
Loop,1,12,134.75
Loop,1,13,141.0
Loop,1,14,149.75
Loop,1,15,156.5
Loop,1,16,225.0
Loop,1,17,349.75
Loop,1,18,234.0
Loop,1,19,142.5
Loop,1,20,84.25
Loop,1,21,65.25
Loop,1,22,54.25
Loop,1,23,30.5
Loop,2,0,15.5
Loop,2,1,3.6666666666666665
Loop,2,2,1.0
Loop,2,3,2.0
Loop,2,4,1.5
Loop,2,5,5.5
Loop,2,6,23.5
Loop,2,7,57.0
Loop,2,8,108.5
Loop,2,9,118.75
Loop,2,10,74.75
Loop,2,11,97.25
Loop,2,12,147.75
Loop,2,13,157.5
Loop,2,14,136.75
Loop,2,15,181.75
Loop,2,16,252.0
Loop,2,17,406.75
Loop,2,18,269.0
Loop,2,19,183.75
Loop,2,20,140.25
Loop,2,21,117.25
Loop,2,22,97.0
Loop,2,23,57.5
Loop,3,0,23.666666666666668
Loop,3,1,6.666666666666667
Loop,3,2,5.666666666666667
Loop,3,3,3.5
Loop,3,5,9.333333333333334
Loop,3,6,21.0
Loop,3,7,57.666666666666664
Loop,3,8,108.0
Loop,3,9,100.0
Loop,3,10,82.0
Loop,3,11,77.66666666666667
Loop,3,12,146.0
Loop,3,13,154.0
Loop,3,14,158.0
Loop,3,15,167.66666666666666
Loop,3,16,225.33333333333334
Loop,3,17,355.6666666666667
Loop,3,18,235.0
Loop,3,19,174.66666666666666
Loop,3,20,151.0
Loop,3,21,119.66666666666667
Loop,3,22,101.0
Loop,3,23,60.333333333333336
Loop,4,0,25.0
Loop,4,1,9.0
Loop,4,2,7.333333333333333
Loop,4,3,7.0
Loop,4,4,2.5
Loop,4,5,9.333333333333334
Loop,4,6,35.333333333333336
Loop,4,7,53.0
Loop,4,8,77.0
Loop,4,9,110.33333333333333
Loop,4,10,108.66666666666667
Loop,4,11,141.33333333333334
Loop,4,12,197.66666666666666
Loop,4,13,197.0
Loop,4,14,210.0
Loop,4,15,212.33333333333334
Loop,4,16,243.0
Loop,4,17,280.6666666666667
Loop,4,18,249.33333333333334
Loop,4,19,199.0
Loop,4,20,196.33333333333334
Loop,4,21,133.0
Loop,4,22,101.66666666666667
Loop,4,23,96.33333333333333
Loop,5,0,42.0
Loop,5,1,19.666666666666668
Loop,5,2,11.0
Loop,5,3,5.0
Loop,5,4,2.6666666666666665
Loop,5,5,6.333333333333333
Loop,5,6,26.0
Loop,5,7,32.333333333333336
Loop,5,8,66.33333333333333
Loop,5,9,106.66666666666667
Loop,5,10,172.33333333333334
Loop,5,11,185.66666666666666
Loop,5,12,221.33333333333334
Loop,5,13,213.0
Loop,5,14,245.0
Loop,5,15,249.0
Loop,5,16,223.33333333333334
Loop,5,17,235.66666666666666
Loop,5,18,218.33333333333334
Loop,5,19,199.33333333333334
Loop,5,20,177.0
Loop,5,21,166.0
Loop,5,22,164.0
Loop,5,23,149.0
Loop,6,0,64.0
Loop,6,1,15.666666666666666
Loop,6,2,11.0
Loop,6,3,5.0
Loop,6,4,2.0
Loop,6,5,4.0
Loop,6,6,10.666666666666666
Loop,6,7,20.666666666666668
Loop,6,8,41.0
Loop,6,9,60.0
Loop,6,10,82.66666666666667
Loop,6,11,128.66666666666666
Loop,6,12,162.33333333333334
Loop,6,13,197.0
Loop,6,14,193.33333333333334
Loop,6,15,191.66666666666666
Loop,6,16,171.0
Loop,6,17,159.66666666666666
Loop,6,18,148.66666666666666
Loop,6,19,154.66666666666666
Loop,6,20,136.0
Loop,6,21,111.0
Loop,6,22,81.0
Loop,6,23,39.333333333333336
Near North Side,0,0,20.0
Near North Side,0,1,8.0
Near North Side,0,2,4.75
Near North Side,0,3,3.0
Near North Side,0,4,2.0
Near North Side,0,5,13.0
Near North Side,0,6,59.5
Near North Side,0,7,146.25
Near North Side,0,8,228.0
Near North Side,0,9,165.25
Near North Side,0,10,129.5
Near North Side,0,11,127.0
Near North Side,0,12,164.0
Near North Side,0,13,175.75
Near North Side,0,14,159.5
Near North Side,0,15,180.75
Near North Side,0,16,267.25
Near North Side,0,17,413.25
Near North Side,0,18,436.75
Near North Side,0,19,355.0
Near North Side,0,20,246.0
Near North Side,0,21,167.5
Near North Side,0,22,88.5
Near North Side,0,23,50.75
Near North Side,1,0,22.25
Near North Side,1,1,8.0
Near North Side,1,2,3.0
Near North Side,1,3,1.6666666666666667
Near North Side,1,4,1.5
Near North Side,1,5,15.25
Near North Side,1,6,67.5
Near North Side,1,7,195.25
Near North Side,1,8,310.25
Near North Side,1,9,239.5
Near North Side,1,10,137.5
Near North Side,1,11,116.0
Near North Side,1,12,156.0
Near North Side,1,13,165.25
Near North Side,1,14,162.25
Near North Side,1,15,182.0
Near North Side,1,16,275.5
Near North Side,1,17,420.25
Near North Side,1,18,422.25
Near North Side,1,19,301.25
Near North Side,1,20,192.25
Near North Side,1,21,142.75
Near North Side,1,22,86.5
Near North Side,1,23,51.0
Near North Side,2,0,17.75
Near North Side,2,1,5.5
Near North Side,2,2,3.75
Near North Side,2,3,4.75
Near North Side,2,4,1.5
Near North Side,2,5,12.25
Near North Side,2,6,60.0
Near North Side,2,7,158.25
Near North Side,2,8,256.75
Near North Side,2,9,199.5
Near North Side,2,10,115.25
Near North Side,2,11,115.5
Near North Side,2,12,132.0
Near North Side,2,13,171.75
Near North Side,2,14,159.25
Near North Side,2,15,211.75
Near North Side,2,16,298.75
Near North Side,2,17,478.75
Near North Side,2,18,477.0
Near North Side,2,19,375.25
Near North Side,2,20,292.25
Near North Side,2,21,233.0
Near North Side,2,22,202.0
Near North Side,2,23,98.75
Near North Side,3,0,46.666666666666664
Near North Side,3,1,15.666666666666666
Near North Side,3,2,6.0
Near North Side,3,3,5.666666666666667
Near North Side,3,4,4.0
Near North Side,3,5,14.0
Near North Side,3,6,59.0
Near North Side,3,7,141.66666666666666
Near North Side,3,8,212.66666666666666
Near North Side,3,9,172.33333333333334
Near North Side,3,10,104.33333333333333
Near North Side,3,11,132.66666666666666
Near North Side,3,12,167.66666666666666
Near North Side,3,13,187.0
Near North Side,3,14,201.33333333333334
Near North Side,3,15,207.0
Near North Side,3,16,274.0
Near North Side,3,17,418.6666666666667
Near North Side,3,18,419.6666666666667
Near North Side,3,19,340.3333333333333
Near North Side,3,20,263.0
Near North Side,3,21,216.33333333333334
Near North Side,3,22,172.33333333333334
Near North Side,3,23,123.33333333333333
Near North Side,4,0,47.666666666666664
Near North Side,4,1,22.333333333333332
Near North Side,4,2,12.333333333333334
Near North Side,4,3,10.666666666666666
Near North Side,4,4,7.0
Near North Side,4,5,15.666666666666666
Near North Side,4,6,62.666666666666664
Near North Side,4,7,129.66666666666666
Near North Side,4,8,164.66666666666666
Near North Side,4,9,159.66666666666666
Near North Side,4,10,177.0
Near North Side,4,11,195.66666666666666
Near North Side,4,12,276.3333333333333
Near North Side,4,13,265.0
Near North Side,4,14,284.6666666666667
Near North Side,4,15,292.6666666666667
Near North Side,4,16,338.0
Near North Side,4,17,461.3333333333333
Near North Side,4,18,406.3333333333333
Near North Side,4,19,340.3333333333333
Near North Side,4,20,281.6666666666667
Near North Side,4,21,203.33333333333334
Near North Side,4,22,161.33333333333334
Near North Side,4,23,144.0
Near North Side,5,0,83.66666666666667
Near North Side,5,1,43.333333333333336
Near North Side,5,2,29.666666666666668
Near North Side,5,3,18.333333333333332
Near North Side,5,4,12.666666666666666
Near North Side,5,5,8.333333333333334
Near North Side,5,6,38.0
Near North Side,5,7,51.666666666666664
Near North Side,5,8,125.33333333333333
Near North Side,5,9,188.0
Near North Side,5,10,265.0
Near North Side,5,11,330.6666666666667
Near North Side,5,12,389.6666666666667
Near North Side,5,13,371.3333333333333
Near North Side,5,14,377.3333333333333
Near North Side,5,15,422.6666666666667
Near North Side,5,16,408.3333333333333
Near North Side,5,17,363.0
Near North Side,5,18,333.0
Near North Side,5,19,301.3333333333333
Near North Side,5,20,271.6666666666667
Near North Side,5,21,219.33333333333334
Near North Side,5,22,237.33333333333334
Near North Side,5,23,212.33333333333334
Near North Side,6,0,66.0
Near North Side,6,1,34.0
Near North Side,6,2,28.666666666666668
Near North Side,6,3,21.333333333333332
Near North Side,6,4,6.0
Near North Side,6,5,12.666666666666666
Near North Side,6,6,19.333333333333332
Near North Side,6,7,44.0
Near North Side,6,8,77.33333333333333
Near North Side,6,9,88.0
Near North Side,6,10,161.66666666666666
Near North Side,6,11,238.33333333333334
Near North Side,6,12,324.6666666666667
Near North Side,6,13,332.3333333333333
Near North Side,6,14,339.0
Near North Side,6,15,306.6666666666667
Near North Side,6,16,299.0
Near North Side,6,17,266.6666666666667
Near North Side,6,18,205.66666666666666
Near North Side,6,19,196.33333333333334
Near North Side,6,20,185.0
Near North Side,6,21,139.66666666666666
Near North Side,6,22,97.66666666666667
Near North Side,6,23,54.333333333333336
Near South Side,0,0,3.0
Near South Side,0,1,7.0
Near South Side,0,5,2.0
Near South Side,0,6,7.25
Near South Side,0,7,14.5
Near South Side,0,8,24.75
Near South Side,0,9,28.75
Near South Side,0,10,20.75
Near South Side,0,11,23.75
Near South Side,0,12,31.5
Near South Side,0,13,36.0
Near South Side,0,14,39.25
Near South Side,0,15,36.0
Near South Side,0,16,56.75
Near South Side,0,17,54.0
Near South Side,0,18,50.25
Near South Side,0,19,37.25
Near South Side,0,20,23.25
Near South Side,0,21,20.25
Near South Side,0,22,4.0
Near South Side,0,23,4.666666666666667
Near South Side,1,0,2.5
Near South Side,1,1,1.0
Near South Side,1,3,1.0
Near South Side,1,5,2.25
Near South Side,1,6,7.5
Near South Side,1,7,23.5
Near South Side,1,8,30.25
Near South Side,1,9,28.0
Near South Side,1,10,21.0
Near South Side,1,11,20.25
Near South Side,1,12,25.25
Near South Side,1,13,27.5
Near South Side,1,14,33.25
Near South Side,1,15,32.25
Near South Side,1,16,35.5
Near South Side,1,17,44.25
Near South Side,1,18,39.5
Near South Side,1,19,37.0
Near South Side,1,20,26.5
Near South Side,1,21,18.75
Near South Side,1,22,8.25
Near South Side,1,23,5.5
Near South Side,2,0,3.0
Near South Side,2,4,1.0
Near South Side,2,5,2.25
Near South Side,2,6,7.25
Near South Side,2,7,15.75
Near South Side,2,8,25.75
Near South Side,2,9,24.5
Near South Side,2,10,17.0
Near South Side,2,11,19.75
Near South Side,2,12,23.75
Near South Side,2,13,35.0
Near South Side,2,14,31.75
Near South Side,2,15,36.75
Near South Side,2,16,48.75
Near South Side,2,17,54.0
Near South Side,2,18,59.5
Near South Side,2,19,59.5
Near South Side,2,20,46.5
Near South Side,2,21,37.0
Near South Side,2,22,48.75
Near South Side,2,23,17.5
Near South Side,3,0,4.333333333333333
Near South Side,3,1,2.5
Near South Side,3,2,1.0
Near South Side,3,3,2.0
Near South Side,3,5,2.3333333333333335
Near South Side,3,6,9.333333333333334
Near South Side,3,7,14.0
Near South Side,3,8,25.333333333333332
Near South Side,3,9,20.0
Near South Side,3,10,21.666666666666668
Near South Side,3,11,25.333333333333332
Near South Side,3,12,24.333333333333332
Near South Side,3,13,33.666666666666664
Near South Side,3,14,42.0
Near South Side,3,15,43.333333333333336
Near South Side,3,16,68.0
Near South Side,3,17,54.333333333333336
Near South Side,3,18,48.333333333333336
Near South Side,3,19,47.333333333333336
Near South Side,3,20,37.0
Near South Side,3,21,28.666666666666668
Near South Side,3,22,23.333333333333332
Near South Side,3,23,9.333333333333334
Near South Side,4,0,8.0
Near South Side,4,1,4.666666666666667
Near South Side,4,2,1.0
Near South Side,4,4,1.0
Near South Side,4,5,3.0
Near South Side,4,6,8.333333333333334
Near South Side,4,7,14.0
Near South Side,4,8,24.666666666666668
Near South Side,4,9,25.0
Near South Side,4,10,30.0
Near South Side,4,11,27.666666666666668
Near South Side,4,12,48.0
Near South Side,4,13,54.333333333333336
Near South Side,4,14,75.33333333333333
Near South Side,4,15,59.0
Near South Side,4,16,59.333333333333336
Near South Side,4,17,72.66666666666667
Near South Side,4,18,58.333333333333336
Near South Side,4,19,49.333333333333336
Near South Side,4,20,36.666666666666664
Near South Side,4,21,30.333333333333332
Near South Side,4,22,31.333333333333332
Near South Side,4,23,15.0
Near South Side,5,0,4.666666666666667
Near South Side,5,1,3.0
Near South Side,5,3,2.0
Near South Side,5,4,1.0
Near South Side,5,5,3.6666666666666665
Near South Side,5,6,10.0
Near South Side,5,7,8.333333333333334
Near South Side,5,8,17.0
Near South Side,5,9,44.666666666666664
Near South Side,5,10,55.666666666666664
Near South Side,5,11,55.666666666666664
Near South Side,5,12,76.66666666666667
Near South Side,5,13,77.0
Near South Side,5,14,82.66666666666667
Near South Side,5,15,113.33333333333333
Near South Side,5,16,91.33333333333333
Near South Side,5,17,72.66666666666667
Near South Side,5,18,52.666666666666664
Near South Side,5,19,49.666666666666664
Near South Side,5,20,62.666666666666664
Near South Side,5,21,50.0
Near South Side,5,22,75.33333333333333
Near South Side,5,23,36.333333333333336
Near South Side,6,0,15.333333333333334
Near South Side,6,1,4.333333333333333
Near South Side,6,2,8.0
Near South Side,6,3,7.0
Near South Side,6,4,1.0
Near South Side,6,5,1.6666666666666667
Near South Side,6,6,2.0
Near South Side,6,7,6.666666666666667
Near South Side,6,8,16.0
Near South Side,6,9,17.666666666666668
Near South Side,6,10,23.0
Near South Side,6,11,37.333333333333336
Near South Side,6,12,48.333333333333336
Near South Side,6,13,58.666666666666664
Near South Side,6,14,81.66666666666667
Near South Side,6,15,78.66666666666667
Near South Side,6,16,64.33333333333333
Near South Side,6,17,56.0
Near South Side,6,18,48.0
Near South Side,6,19,38.666666666666664
Near South Side,6,20,36.666666666666664
Near South Side,6,21,27.0
Near South Side,6,22,18.333333333333332
Near South Side,6,23,14.0
Near West Side,0,0,10.0
Near West Side,0,1,4.0
Near West Side,0,2,2.0
Near West Side,0,3,1.5
Near West Side,0,4,4.0
Near West Side,0,5,6.25
Near West Side,0,6,43.0
Near West Side,0,7,98.5
Near West Side,0,8,145.75
Near West Side,0,9,137.5
Near West Side,0,10,78.75
Near West Side,0,11,67.25
Near West Side,0,12,108.0
Near West Side,0,13,117.5
Near West Side,0,14,107.25
Near West Side,0,15,123.25
Near West Side,0,16,201.75
Near West Side,0,17,348.5
Near West Side,0,18,297.75
Near West Side,0,19,203.75
Near West Side,0,20,140.25
Near West Side,0,21,103.75
Near West Side,0,22,65.25
Near West Side,0,23,37.0
Near West Side,1,0,14.25
Near West Side,1,1,2.5
Near West Side,1,2,1.5
Near West Side,1,3,1.0
Near West Side,1,4,2.25
Near West Side,1,5,9.75
Near West Side,1,6,53.75
Near West Side,1,7,108.0
Near West Side,1,8,201.25
Near West Side,1,9,215.75
Near West Side,1,10,106.5
Near West Side,1,11,94.0
Near West Side,1,12,122.25
Near West Side,1,13,124.5
Near West Side,1,14,127.75
Near West Side,1,15,153.75
Near West Side,1,16,237.5
Near West Side,1,17,377.75
Near West Side,1,18,293.75
Near West Side,1,19,178.0
Near West Side,1,20,103.75
Near West Side,1,21,82.25
Near West Side,1,22,53.5
Near West Side,1,23,33.25
Near West Side,2,0,15.0
Near West Side,2,1,3.0
Near West Side,2,2,1.5
Near West Side,2,3,2.0
Near West Side,2,4,2.6666666666666665
Near West Side,2,5,8.25
Near West Side,2,6,36.25
Near West Side,2,7,93.5
Near West Side,2,8,180.75
Near West Side,2,9,178.75
Near West Side,2,10,90.25
Near West Side,2,11,90.75
Near West Side,2,12,130.25
Near West Side,2,13,133.5
Near West Side,2,14,119.75
Near West Side,2,15,158.25
Near West Side,2,16,252.75
Near West Side,2,17,414.25
Near West Side,2,18,361.0
Near West Side,2,19,236.5
Near West Side,2,20,183.5
Near West Side,2,21,118.25
Near West Side,2,22,75.75
Near West Side,2,23,52.25
Near West Side,3,0,30.333333333333332
Near West Side,3,1,7.333333333333333
Near West Side,3,2,2.5
Near West Side,3,3,1.0
Near West Side,3,4,1.0
Near West Side,3,5,6.0
Near West Side,3,6,30.666666666666668
Near West Side,3,7,83.33333333333333
Near West Side,3,8,151.66666666666666
Near West Side,3,9,140.0
Near West Side,3,10,86.0
Near West Side,3,11,81.0
Near West Side,3,12,105.0
Near West Side,3,13,109.33333333333333
Near West Side,3,14,109.66666666666667
Near West Side,3,15,116.33333333333333
Near West Side,3,16,189.66666666666666
Near West Side,3,17,313.0
Near West Side,3,18,284.3333333333333
Near West Side,3,19,204.33333333333334
Near West Side,3,20,147.66666666666666
Near West Side,3,21,136.0
Near West Side,3,22,134.66666666666666
Near West Side,3,23,64.33333333333333
Near West Side,4,0,28.666666666666668
Near West Side,4,1,11.0
Near West Side,4,2,3.6666666666666665
Near West Side,4,3,3.0
Near West Side,4,4,2.5
Near West Side,4,5,8.0
Near West Side,4,6,32.0
Near West Side,4,7,72.66666666666667
Near West Side,4,8,117.0
Near West Side,4,9,122.33333333333333
Near West Side,4,10,95.33333333333333
Near West Side,4,11,104.0
Near West Side,4,12,135.33333333333334
Near West Side,4,13,146.0
Near West Side,4,14,156.0
Near West Side,4,15,173.66666666666666
Near West Side,4,16,215.66666666666666
Near West Side,4,17,249.33333333333334
Near West Side,4,18,239.66666666666666
Near West Side,4,19,215.66666666666666
Near West Side,4,20,189.66666666666666
Near West Side,4,21,151.0
Near West Side,4,22,152.33333333333334
Near West Side,4,23,96.33333333333333
Near West Side,5,0,48.0
Near West Side,5,1,17.0
Near West Side,5,2,24.0
Near West Side,5,4,2.6666666666666665
Near West Side,5,5,3.3333333333333335
Near West Side,5,6,19.333333333333332
Near West Side,5,7,20.333333333333332
Near West Side,5,8,44.333333333333336
Near West Side,5,9,64.66666666666667
Near West Side,5,10,99.33333333333333
Near West Side,5,11,118.66666666666667
Near West Side,5,12,168.33333333333334
Near West Side,5,13,147.66666666666666
Near West Side,5,14,193.0
Near West Side,5,15,165.0
Near West Side,5,16,164.66666666666666
Near West Side,5,17,155.33333333333334
Near West Side,5,18,166.0
Near West Side,5,19,149.0
Near West Side,5,20,149.0
Near West Side,5,21,143.0
Near West Side,5,22,167.66666666666666
Near West Side,5,23,102.66666666666667
Near West Side,6,0,39.666666666666664
Near West Side,6,1,20.666666666666668
Near West Side,6,2,14.666666666666666
Near West Side,6,3,12.5
Near West Side,6,4,2.0
Near West Side,6,5,4.333333333333333
Near West Side,6,6,9.666666666666666
Near West Side,6,7,20.0
Near West Side,6,8,28.333333333333332
Near West Side,6,9,34.666666666666664
Near West Side,6,10,60.666666666666664
Near West Side,6,11,87.66666666666667
Near West Side,6,12,123.66666666666667
Near West Side,6,13,127.0
Near West Side,6,14,143.33333333333334
Near West Side,6,15,136.33333333333334
Near West Side,6,16,125.0
Near West Side,6,17,112.0
Near West Side,6,18,113.66666666666667
Near West Side,6,19,103.66666666666667
Near West Side,6,20,83.33333333333333
Near West Side,6,21,105.33333333333333
Near West Side,6,22,103.0
Near West Side,6,23,31.333333333333332
Uptown,0,0,8.0
Uptown,0,1,2.6666666666666665
Uptown,0,2,1.0
Uptown,0,3,2.0
Uptown,0,5,2.3333333333333335
Uptown,0,6,11.25
Uptown,0,7,18.5
Uptown,0,8,38.0
Uptown,0,9,38.25
Uptown,0,10,36.5
Uptown,0,11,41.25
Uptown,0,12,43.0
Uptown,0,13,42.75
Uptown,0,14,52.25
Uptown,0,15,54.75
Uptown,0,16,67.5
Uptown,0,17,80.75
Uptown,0,18,105.0
Uptown,0,19,79.5
Uptown,0,20,74.25
Uptown,0,21,57.0
Uptown,0,22,35.0
Uptown,0,23,26.75
Uptown,1,0,9.25
Uptown,1,1,1.25
Uptown,1,2,3.0
Uptown,1,4,5.0
Uptown,1,5,4.75
Uptown,1,6,6.75
Uptown,1,7,21.25
Uptown,1,8,41.25
Uptown,1,9,42.75
Uptown,1,10,35.25
Uptown,1,11,40.75
Uptown,1,12,47.5
Uptown,1,13,52.5
Uptown,1,14,54.75
Uptown,1,15,56.5
Uptown,1,16,63.5
Uptown,1,17,60.75
Uptown,1,18,95.25
Uptown,1,19,68.75
Uptown,1,20,62.0
Uptown,1,21,45.75
Uptown,1,22,31.25
Uptown,1,23,24.5
Uptown,2,0,7.5
Uptown,2,1,2.0
Uptown,2,2,1.0
Uptown,2,5,3.0
Uptown,2,6,11.5
Uptown,2,7,24.75
Uptown,2,8,30.0
Uptown,2,9,35.25
Uptown,2,10,37.0
Uptown,2,11,40.5
Uptown,2,12,37.75
Uptown,2,13,44.75
Uptown,2,14,44.0
Uptown,2,15,67.75
Uptown,2,16,68.75
Uptown,2,17,92.25
Uptown,2,18,102.0
Uptown,2,19,100.0
Uptown,2,20,97.5
Uptown,2,21,69.75
Uptown,2,22,36.25
Uptown,2,23,26.0
Uptown,3,0,10.333333333333334
Uptown,3,1,6.0
Uptown,3,2,1.0
Uptown,3,3,1.0
Uptown,3,4,3.0
Uptown,3,5,3.0
Uptown,3,6,9.333333333333334
Uptown,3,7,22.666666666666668
Uptown,3,8,33.0
Uptown,3,9,37.333333333333336
Uptown,3,10,49.333333333333336
Uptown,3,11,46.0
Uptown,3,12,65.33333333333333
Uptown,3,13,55.333333333333336
Uptown,3,14,54.333333333333336
Uptown,3,15,52.333333333333336
Uptown,3,16,55.666666666666664
Uptown,3,17,63.333333333333336
Uptown,3,18,95.33333333333333
Uptown,3,19,106.33333333333333
Uptown,3,20,85.66666666666667
Uptown,3,21,60.333333333333336
Uptown,3,22,53.666666666666664
Uptown,3,23,38.666666666666664
Uptown,4,0,13.0
Uptown,4,1,2.6666666666666665
Uptown,4,2,1.6666666666666667
Uptown,4,3,3.0
Uptown,4,4,1.0
Uptown,4,5,3.3333333333333335
Uptown,4,6,10.333333333333334
Uptown,4,7,12.666666666666666
Uptown,4,8,39.666666666666664
Uptown,4,9,39.333333333333336
Uptown,4,10,38.333333333333336
Uptown,4,11,54.333333333333336
Uptown,4,12,77.33333333333333
Uptown,4,13,73.0
Uptown,4,14,71.66666666666667
Uptown,4,15,78.0
Uptown,4,16,95.33333333333333
Uptown,4,17,112.33333333333333
Uptown,4,18,101.33333333333333
Uptown,4,19,108.0
Uptown,4,20,111.66666666666667
Uptown,4,21,89.0
Uptown,4,22,54.666666666666664
Uptown,4,23,33.0
Uptown,5,0,23.666666666666668
Uptown,5,1,3.3333333333333335
Uptown,5,2,3.3333333333333335
Uptown,5,3,2.0
Uptown,5,4,1.0
Uptown,5,5,4.333333333333333
Uptown,5,6,4.333333333333333
Uptown,5,7,19.333333333333332
Uptown,5,8,31.0
Uptown,5,9,41.666666666666664
Uptown,5,10,67.0
Uptown,5,11,76.66666666666667
Uptown,5,12,101.0
Uptown,5,13,103.0
Uptown,5,14,120.0
Uptown,5,15,103.33333333333333
Uptown,5,16,90.66666666666667
Uptown,5,17,107.0
Uptown,5,18,114.0
Uptown,5,19,91.33333333333333
Uptown,5,20,95.33333333333333
Uptown,5,21,79.33333333333333
Uptown,5,22,70.66666666666667
Uptown,5,23,49.0
Uptown,6,0,15.333333333333334
Uptown,6,1,1.0
Uptown,6,2,2.0
Uptown,6,3,1.0
Uptown,6,4,3.0
Uptown,6,5,4.0
Uptown,6,6,4.666666666666667
Uptown,6,7,10.0
Uptown,6,8,14.0
Uptown,6,9,31.333333333333332
Uptown,6,10,38.333333333333336
Uptown,6,11,67.33333333333333
Uptown,6,12,78.0
Uptown,6,13,75.66666666666667
Uptown,6,14,89.0
Uptown,6,15,63.333333333333336
Uptown,6,16,68.66666666666667
Uptown,6,17,57.0
Uptown,6,18,50.333333333333336
Uptown,6,19,63.0
Uptown,6,20,45.666666666666664
Uptown,6,21,53.666666666666664
Uptown,6,22,39.0
Uptown,6,23,22.666666666666668
West Town,0,0,12.75
West Town,0,1,2.0
West Town,0,2,2.0
West Town,0,3,1.5
West Town,0,4,1.0
West Town,0,5,6.25
West Town,0,6,29.0
West Town,0,7,72.75
West Town,0,8,130.25
West Town,0,9,104.75
West Town,0,10,68.0
West Town,0,11,66.0
West Town,0,12,77.5
West Town,0,13,81.0
West Town,0,14,83.25
West Town,0,15,86.5
West Town,0,16,105.5
West Town,0,17,165.25
West Town,0,18,194.0
West Town,0,19,165.0
West Town,0,20,123.0
West Town,0,21,90.25
West Town,0,22,65.75
West Town,0,23,38.25
West Town,1,0,20.25
West Town,1,1,2.5
West Town,1,2,1.6666666666666667
West Town,1,4,1.0
West Town,1,5,8.25
West Town,1,6,36.25
West Town,1,7,84.25
West Town,1,8,180.25
West Town,1,9,152.0
West Town,1,10,79.25
West Town,1,11,66.25
West Town,1,12,89.0
West Town,1,13,89.0
West Town,1,14,95.5
West Town,1,15,103.5
West Town,1,16,101.25
West Town,1,17,153.25
West Town,1,18,167.5
West Town,1,19,151.25
West Town,1,20,106.0
West Town,1,21,64.25
West Town,1,22,57.75
West Town,1,23,49.75
West Town,2,0,16.5
West Town,2,1,2.0
West Town,2,2,2.0
West Town,2,3,2.0
West Town,2,4,1.0
West Town,2,5,6.25
West Town,2,6,24.0
West Town,2,7,65.5
West Town,2,8,137.0
West Town,2,9,120.5
West Town,2,10,58.75
West Town,2,11,75.75
West Town,2,12,78.75
West Town,2,13,77.0
West Town,2,14,90.75
West Town,2,15,112.5
West Town,2,16,145.75
West Town,2,17,192.25
West Town,2,18,205.0
West Town,2,19,183.75
West Town,2,20,149.0
West Town,2,21,111.0
West Town,2,22,73.5
West Town,2,23,53.0
West Town,3,0,28.0
West Town,3,1,10.0
West Town,3,2,4.666666666666667
West Town,3,3,1.5
West Town,3,4,1.5
West Town,3,5,6.666666666666667
West Town,3,6,25.333333333333332
West Town,3,7,69.0
West Town,3,8,129.33333333333334
West Town,3,9,110.33333333333333
West Town,3,10,70.0
West Town,3,11,62.0
West Town,3,12,110.0
West Town,3,13,86.33333333333333
West Town,3,14,96.0
West Town,3,15,69.66666666666667
West Town,3,16,79.66666666666667
West Town,3,17,117.33333333333333
West Town,3,18,157.0
West Town,3,19,146.0
West Town,3,20,134.33333333333334
West Town,3,21,100.33333333333333
West Town,3,22,117.33333333333333
West Town,3,23,79.0
West Town,4,0,30.333333333333332
West Town,4,1,6.666666666666667
West Town,4,2,5.0
West Town,4,3,2.3333333333333335
West Town,4,4,1.0
West Town,4,5,6.0
West Town,4,6,25.333333333333332
West Town,4,7,49.0
West Town,4,8,91.66666666666667
West Town,4,9,79.33333333333333
West Town,4,10,67.66666666666667
West Town,4,11,88.33333333333333
West Town,4,12,127.66666666666667
West Town,4,13,129.0
West Town,4,14,140.0
West Town,4,15,151.0
West Town,4,16,168.33333333333334
West Town,4,17,200.33333333333334
West Town,4,18,220.33333333333334
West Town,4,19,206.33333333333334
West Town,4,20,182.0
West Town,4,21,156.33333333333334
West Town,4,22,159.33333333333334
West Town,4,23,123.0
West Town,5,0,63.0
West Town,5,1,13.666666666666666
West Town,5,2,13.333333333333334
West Town,5,3,3.5
West Town,5,4,1.6666666666666667
West Town,5,5,7.666666666666667
West Town,5,6,13.666666666666666
West Town,5,7,23.0
West Town,5,8,43.333333333333336
West Town,5,9,71.66666666666667
West Town,5,10,105.66666666666667
West Town,5,11,152.0
West Town,5,12,164.33333333333334
West Town,5,13,180.66666666666666
West Town,5,14,192.0
West Town,5,15,190.0
West Town,5,16,185.33333333333334
West Town,5,17,155.33333333333334
West Town,5,18,149.33333333333334
West Town,5,19,161.0
West Town,5,20,183.66666666666666
West Town,5,21,168.0
West Town,5,22,187.66666666666666
West Town,5,23,137.66666666666666
West Town,6,0,49.0
West Town,6,1,12.666666666666666
West Town,6,2,9.0
West Town,6,3,8.0
West Town,6,4,2.3333333333333335
West Town,6,5,9.0
West Town,6,6,7.0
West Town,6,7,21.666666666666668
West Town,6,8,30.0
West Town,6,9,42.333333333333336
West Town,6,10,68.66666666666667
West Town,6,11,119.0
West Town,6,12,128.66666666666666
West Town,6,13,134.0
West Town,6,14,141.66666666666666
West Town,6,15,120.33333333333333
West Town,6,16,123.33333333333333
West Town,6,17,105.0
West Town,6,18,98.66666666666667
West Town,6,19,91.33333333333333
West Town,6,20,93.66666666666667
West Town,6,21,111.66666666666667
West Town,6,22,122.33333333333333
West Town,6,23,43.666666666666664
