community,weekday,hour,predicted_demand_share,available_scooters,supply_share,share_gap,scooter_equivalent_gap,need_score,predicted_demand_share_pct,supply_share_pct,share_gap_pct_points
Humboldt Park,3,5,0.16380501342165088,384,0.08677966101694916,0.07702535240470172,340.83718439080513,340.83718439080513,16.38050134216509,8.677966101694915,7.702535240470172
Edgewater,3,5,0.04269167487425792,117,0.026440677966101694,0.016250996908156227,71.91066131859131,71.91066131859131,4.2691674874257926,2.6440677966101696,1.6250996908156228
Austin,3,5,0.17505932632185048,710,0.16045197740112993,0.014607348920720548,64.63751897418842,64.63751897418842,17.505932632185047,16.045197740112993,1.4607348920720549
Uptown,3,5,0.03955292336089332,122,0.027570621468926554,0.011982301891966765,53.02168587195293,53.02168587195293,3.955292336089332,2.7570621468926553,1.1982301891966765
Lake View,3,5,0.14165205733170685,586,0.13242937853107345,0.009222678800633405,40.81035369280281,40.81035369280281,14.165205733170685,13.242937853107344,0.9222678800633405
Near West Side,3,5,0.032548860710707714,126,0.02847457627118644,0.0040742844395212745,18.02870864488164,18.02870864488164,3.2548860710707714,2.847457627118644,0.40742844395212746
Lincoln Park,3,5,0.09839943863246584,491,0.11096045197740113,-0.012561013344935298,-55.582484051338696,-55.582484051338696,9.839943863246583,11.096045197740114,-1.25610133449353
Logan Square,3,5,0.12303124495043155,627,0.14169491525423727,-0.018663670303805724,-82.58674109434033,-82.58674109434033,12.303124495043155,14.169491525423727,-1.8663670303805724
Belmont Cragin,3,5,0.07113489568566123,491,0.11096045197740113,-0.03982555629173991,-176.2280865909491,-176.2280865909491,7.113489568566123,11.096045197740114,-3.9825556291739908
West Town,3,5,0.11212456471037416,771,0.17423728813559322,-0.06211272342521906,-274.84880115659433,-274.84880115659433,11.212456471037417,17.423728813559322,-6.211272342521906
