start_community_area_name,weekday,hour,predicted_demand_share
Austin,0,0,0.09399183989429061
Austin,0,5,0.165859415894479
Austin,0,6,0.11449495954952886
Austin,0,7,0.11907924895253647
Austin,0,8,0.1082606084342686
Austin,0,9,0.09503204487103244
Austin,0,10,0.09542691688351007
Austin,0,11,0.09595657889954819
Austin,0,12,0.0836435664804815
Austin,0,13,0.08581895154052127
Austin,0,14,0.10034564777717592
Austin,0,15,0.09467858760599294
Austin,0,16,0.08850115987237683
Austin,0,17,0.08472525818630577
Austin,0,18,0.08081379033502221
Austin,0,19,0.0859486426906952
Austin,0,20,0.09102902791144805
Austin,0,21,0.08843371150798864
Austin,0,22,0.09358868800730437
Austin,0,23,0.11075552450675259
Austin,1,0,0.12049925316984877
Austin,1,5,0.16619148065667588
Austin,1,6,0.11067504693900476
Austin,1,7,0.119191613551624
Austin,1,8,0.10314937584270714
Austin,1,9,0.10789175782760639
Austin,1,10,0.09301117509956133
Austin,1,11,0.13075325682258282
Austin,1,12,0.09719364960059977
Austin,1,13,0.0910133197222493
Austin,1,14,0.099561000940741
Austin,1,15,0.09239240720117174
Austin,1,16,0.08591952434536466
Austin,1,17,0.08570245593980348
Austin,1,18,0.08445126926450075
Austin,1,19,0.08451977556561013
Austin,1,20,0.09696017693075017
Austin,1,21,0.0935011748310995
Austin,1,22,0.07249927890802332
Austin,1,23,0.08520367870733074
Austin,2,0,0.07669154762577586
Austin,2,5,0.15615124335480066
Austin,2,6,0.10917811211423972
Austin,2,7,0.12435289443934332
Austin,2,8,0.09778783230684501
Austin,2,9,0.09559014495214763
Austin,2,10,0.10477279706969783
Austin,2,11,0.10391823737881788
Austin,2,12,0.09149078902628163
Austin,2,13,0.09628792980184965
Austin,2,14,0.09380642753925895
Austin,2,15,0.08953489211010575
Austin,2,16,0.09002969150868954
Austin,2,17,0.08441368141388056
Austin,2,18,0.07719896791946321
Austin,2,19,0.0788290888959026
Austin,2,20,0.0945305511736927
Austin,2,21,0.08777813877201433
Austin,2,22,0.08670606985316529
Austin,2,23,0.09756364397674608
Austin,3,0,0.09797140417386453
Austin,3,5,0.17505932632185048
Austin,3,6,0.11693710923115071
Austin,3,7,0.12629486958488562
Austin,3,8,0.10284514931698505
Austin,3,9,0.10038121338740288
Austin,3,10,0.09927044366266198
Austin,3,11,0.10551634770563052
Austin,3,12,0.09614519363651558
Austin,3,13,0.09174121581365056
Austin,3,14,0.09398107813883276
Austin,3,15,0.08662584448944474
Austin,3,16,0.08870805887501726
Austin,3,17,0.08326864796233881
Austin,3,18,0.07312906733752826
Austin,3,19,0.07818368476062722
Austin,3,20,0.09427096554861933
Austin,3,21,0.087137186893451
Austin,3,22,0.0730752195533055
Austin,3,23,0.07393188747114766
Austin,4,0,0.07251027014057648
Austin,4,5,0.16399928049341805
Austin,4,6,0.11003755090328272
Austin,4,7,0.13222794089215453
Austin,4,8,0.10904285938017497
Austin,4,9,0.12492277770804137
Austin,4,10,0.11096102917410831
Austin,4,11,0.10764384972277026
Austin,4,12,0.09311603741331939
Austin,4,13,0.09005334395492957
Austin,4,14,0.09811746942637897
Austin,4,15,0.09604447101186751
Austin,4,16,0.09621217084791676
Austin,4,17,0.08740445946922791
Austin,4,18,0.08296284663110537
Austin,4,19,0.08699193825946029
Austin,4,20,0.09455961664234307
Austin,4,21,0.09052174436124454
Austin,4,22,0.0729648223961076
Austin,4,23,0.06393811848688813
Austin,5,0,0.07225378489114619
Austin,5,5,0.1366936616154778
Austin,5,6,0.11327174066657247
Austin,5,7,0.12597520767536266
Austin,5,8,0.10916729560091104
Austin,5,9,0.10453085886438916
Austin,5,10,0.0917987762226172
Austin,5,11,0.08271296651151873
Austin,5,12,0.08324580293845997
Austin,5,13,0.07758617198315691
Austin,5,14,0.07910398692090564
Austin,5,15,0.08225066763401899
Austin,5,16,0.08566146749741717
Austin,5,17,0.08082027013913219
Austin,5,18,0.09118029479970063
Austin,5,19,0.08733171802125346
Austin,5,20,0.08630405630244634
Austin,5,21,0.07685425031512788
Austin,5,22,0.06673044400108416
Austin,5,23,0.057770933561398286
Austin,6,0,0.06040314663060482
Austin,6,5,0.08125841695802984
Austin,6,6,0.1165934305890516
Austin,6,7,0.14394879394114016
Austin,6,8,0.08603466673094327
Austin,6,9,0.09922241518029727
Austin,6,10,0.08249749710318349
Austin,6,11,0.07405660523215467
Austin,6,12,0.07204171936507892
Austin,6,13,0.0876946734156629
Austin,6,14,0.08595324924643975
Austin,6,15,0.08715044433065573
Austin,6,16,0.08297153623556613
Austin,6,17,0.08745505845299405
Austin,6,18,0.09031117630172916
Austin,6,19,0.08724927212258139
Austin,6,20,0.09005492554230399
Austin,6,21,0.08763545720709229
Austin,6,22,0.0864775969932114
Austin,6,23,0.08443948617768576
Belmont Cragin,0,0,0.05656285788587386
Belmont Cragin,0,5,0.07781420945165686
Belmont Cragin,0,6,0.10728190408123205
Belmont Cragin,0,7,0.12447635250220544
Belmont Cragin,0,8,0.12012988037117985
Belmont Cragin,0,9,0.0818333265854361
Belmont Cragin,0,10,0.07408871180956823
Belmont Cragin,0,11,0.0641765295290108
Belmont Cragin,0,12,0.06600166727513629
Belmont Cragin,0,13,0.068957772393857
Belmont Cragin,0,14,0.07526775920959336
Belmont Cragin,0,15,0.10653222887281151
Belmont Cragin,0,16,0.13479129311315205
Belmont Cragin,0,17,0.09922960402947036
Belmont Cragin,0,18,0.0830088223036944
Belmont Cragin,0,19,0.09376027298067058
Belmont Cragin,0,20,0.0876665962869632
Belmont Cragin,0,21,0.0829697026068331
Belmont Cragin,0,22,0.07366767818995552
Belmont Cragin,0,23,0.06346483921585655
Belmont Cragin,1,0,0.07110770668242337
Belmont Cragin,1,5,0.10089881020695962
Belmont Cragin,1,6,0.08625204183528817
Belmont Cragin,1,7,0.10749027347597405
Belmont Cragin,1,8,0.12553430072701136
Belmont Cragin,1,9,0.0742038500370278
Belmont Cragin,1,10,0.08161180943969988
Belmont Cragin,1,11,0.07550770485476044
Belmont Cragin,1,12,0.07071832725959033
Belmont Cragin,1,13,0.07918136341396717
Belmont Cragin,1,14,0.08123158001933024
Belmont Cragin,1,15,0.12403465741897979
Belmont Cragin,1,16,0.13433854786044863
Belmont Cragin,1,17,0.0949243379109354
Belmont Cragin,1,18,0.08418664479461342
Belmont Cragin,1,19,0.08954157737872594
Belmont Cragin,1,20,0.08579379578438824
Belmont Cragin,1,21,0.0733608767280456
Belmont Cragin,1,22,0.05779657696194882
Belmont Cragin,1,23,0.07074355916890447
Belmont Cragin,2,0,0.07712308062225044
Belmont Cragin,2,5,0.10446783124648737
Belmont Cragin,2,6,0.09441412943569408
Belmont Cragin,2,7,0.1189740377425505
Belmont Cragin,2,8,0.11671976217129428
Belmont Cragin,2,9,0.07195805576440781
Belmont Cragin,2,10,0.06539659276052229
Belmont Cragin,2,11,0.0660545902985502
Belmont Cragin,2,12,0.05746113304140601
Belmont Cragin,2,13,0.06366404911183016
Belmont Cragin,2,14,0.08024517119724182
Belmont Cragin,2,15,0.11551939582667389
Belmont Cragin,2,16,0.1279959674612148
Belmont Cragin,2,17,0.08832107546576133
Belmont Cragin,2,18,0.08044990599323766
Belmont Cragin,2,19,0.08196962210563505
Belmont Cragin,2,20,0.07759041779935623
Belmont Cragin,2,21,0.07024924279602188
Belmont Cragin,2,22,0.06217438847602437
Belmont Cragin,2,23,0.056755807138104575
Belmont Cragin,3,0,0.06063512663887666
Belmont Cragin,3,5,0.07113489568566127
Belmont Cragin,3,6,0.08867547023024078
Belmont Cragin,3,7,0.11405516659122779
Belmont Cragin,3,8,0.12003536445134126
Belmont Cragin,3,9,0.07599233200653749
Belmont Cragin,3,10,0.06297201843768357
Belmont Cragin,3,11,0.06944317367047081
Belmont Cragin,3,12,0.06540478772272994
Belmont Cragin,3,13,0.06654997361472624
Belmont Cragin,3,14,0.05862397291157817
Belmont Cragin,3,15,0.10491723397460655
Belmont Cragin,3,16,0.12105565403421707
Belmont Cragin,3,17,0.0938009521399267
Belmont Cragin,3,18,0.08230264033868025
Belmont Cragin,3,19,0.07717885508215089
Belmont Cragin,3,20,0.07623632473335046
Belmont Cragin,3,21,0.06947188413861898
Belmont Cragin,3,22,0.048244600122465967
Belmont Cragin,3,23,0.04410212957835011
Belmont Cragin,4,0,0.04596126744800975
Belmont Cragin,4,5,0.087128427488796
Belmont Cragin,4,6,0.10982490704067316
Belmont Cragin,4,7,0.12431825758287475
Belmont Cragin,4,8,0.1337080662416844
Belmont Cragin,4,9,0.07820028095912804
Belmont Cragin,4,10,0.0752514938148546
Belmont Cragin,4,11,0.07409366563334525
Belmont Cragin,4,12,0.063406485742047
Belmont Cragin,4,13,0.08400052273104863
Belmont Cragin,4,14,0.12468123537808658
Belmont Cragin,4,15,0.11740187190522464
Belmont Cragin,4,16,0.09102612890737909
Belmont Cragin,4,17,0.08337923259290508
Belmont Cragin,4,18,0.07359560954456063
Belmont Cragin,4,19,0.0760241082833739
Belmont Cragin,4,20,0.07931064623501431
Belmont Cragin,4,21,0.07556635031851784
Belmont Cragin,4,22,0.08062530889406083
Belmont Cragin,4,23,0.04880340747837741
Belmont Cragin,5,0,0.032379269605475304
Belmont Cragin,5,5,0.11145071088001902
Belmont Cragin,5,6,0.11428928751024993
Belmont Cragin,5,7,0.09612463708824678
Belmont Cragin,5,8,0.09246817121289501
Belmont Cragin,5,9,0.0903115569845328
Belmont Cragin,5,10,0.07623711748041143
Belmont Cragin,5,11,0.0686275253517443
Belmont Cragin,5,12,0.0782870331094407
Belmont Cragin,5,13,0.07816537760312786
Belmont Cragin,5,14,0.07684031725857209
Belmont Cragin,5,15,0.06992956371627694
Belmont Cragin,5,16,0.07296488329181824
Belmont Cragin,5,17,0.07184104016438599
Belmont Cragin,5,18,0.0750764369788568
Belmont Cragin,5,19,0.07070027527291621
Belmont Cragin,5,20,0.07914359195969142
Belmont Cragin,5,21,0.07764386699699738
Belmont Cragin,5,22,0.05269612514202413
Belmont Cragin,5,23,0.05338265693799936
Belmont Cragin,6,0,0.037567185468285115
Belmont Cragin,6,5,0.058955847548682924
Belmont Cragin,6,6,0.06074004409191459
Belmont Cragin,6,7,0.0831728286783845
Belmont Cragin,6,8,0.06409974689395828
Belmont Cragin,6,9,0.06267638411601786
Belmont Cragin,6,10,0.05662144747327675
Belmont Cragin,6,11,0.049728315723909816
Belmont Cragin,6,12,0.06141223160006545
Belmont Cragin,6,13,0.07065077517312558
Belmont Cragin,6,14,0.08138979276501446
Belmont Cragin,6,15,0.07260267412103526
Belmont Cragin,6,16,0.08448208412001713
Belmont Cragin,6,17,0.0865487834577282
Belmont Cragin,6,18,0.08581834324249166
Belmont Cragin,6,19,0.09024791563160948
Belmont Cragin,6,20,0.08652055676277047
Belmont Cragin,6,21,0.08531639852523382
Belmont Cragin,6,22,0.08191577714243226
Belmont Cragin,6,23,0.07500148225833397
Edgewater,0,0,0.07471999014313922
Edgewater,0,5,0.06641393111589465
Edgewater,0,6,0.06416482414663262
Edgewater,0,7,0.0313456916191388
Edgewater,0,8,0.05214105029569432
Edgewater,0,9,0.049482605779556044
Edgewater,0,10,0.05415799389393786
Edgewater,0,11,0.05513503591780906
Edgewater,0,12,0.0666693354894493
Edgewater,0,13,0.04797220557566798
Edgewater,0,14,0.06191616883198891
Edgewater,0,15,0.0631384476244632
Edgewater,0,16,0.050873248373317685
Edgewater,0,17,0.04921079290144942
Edgewater,0,18,0.05481431198353967
Edgewater,0,19,0.05240057774002805
Edgewater,0,20,0.05697497110668583
Edgewater,0,21,0.06225092198113933
Edgewater,0,22,0.056589693739775765
Edgewater,0,23,0.06531981796439447
Edgewater,1,0,0.05540296990553644
Edgewater,1,5,0.03686062616877557
Edgewater,1,6,0.053044677879987595
Edgewater,1,7,0.03347440995422937
Edgewater,1,8,0.05296001163183363
Edgewater,1,9,0.05069482206497166
Edgewater,1,10,0.05584163850856893
Edgewater,1,11,0.04743673602739202
Edgewater,1,12,0.06295264383066197
Edgewater,1,13,0.05278571833966933
Edgewater,1,14,0.06715446236437225
Edgewater,1,15,0.07440855599438682
Edgewater,1,16,0.05561894520413
Edgewater,1,17,0.046419310183886675
Edgewater,1,18,0.050142926628775224
Edgewater,1,19,0.0524827589013336
Edgewater,1,20,0.054722952046637484
Edgewater,1,21,0.05700365493525709
Edgewater,1,22,0.05962832051038947
Edgewater,1,23,0.07051128333409717
Edgewater,2,0,0.08443373550610817
Edgewater,2,5,0.019888148741903682
Edgewater,2,6,0.05777204922656463
Edgewater,2,7,0.033317170609775265
Edgewater,2,8,0.05169661613689636
Edgewater,2,9,0.04367891236205664
Edgewater,2,10,0.05021550149399734
Edgewater,2,11,0.04949931996601556
Edgewater,2,12,0.06673113976107879
Edgewater,2,13,0.045517307490587335
Edgewater,2,14,0.05791965220507172
Edgewater,2,15,0.056052882579683994
Edgewater,2,16,0.05392514770099382
Edgewater,2,17,0.04574171693642029
Edgewater,2,18,0.053617214593287076
Edgewater,2,19,0.054029062367624774
Edgewater,2,20,0.05536011785236905
Edgewater,2,21,0.0553435672590161
Edgewater,2,22,0.052910828406776654
Edgewater,2,23,0.05538440036665914
Edgewater,3,0,0.06440640246206228
Edgewater,3,5,0.042691674874257915
Edgewater,3,6,0.054119094864974925
Edgewater,3,7,0.03710740405146134
Edgewater,3,8,0.05278622696214064
Edgewater,3,9,0.04765554127085482
Edgewater,3,10,0.05644627680945609
Edgewater,3,11,0.05089004895558178
Edgewater,3,12,0.061630144544219514
Edgewater,3,13,0.06391418228010073
Edgewater,3,14,0.05397576686844754
Edgewater,3,15,0.05889002582562787
Edgewater,3,16,0.051985188662414104
Edgewater,3,17,0.04442663030273168
Edgewater,3,18,0.04604452142194268
Edgewater,3,19,0.04866011034735086
Edgewater,3,20,0.05102624134930138
Edgewater,3,21,0.06088916425846563
Edgewater,3,22,0.0470483841702607
Edgewater,3,23,0.05594950458352339
Edgewater,4,0,0.05565188796134876
Edgewater,4,5,0.04246716306580803
Edgewater,4,6,0.05633279293036113
Edgewater,4,7,0.0365320441153478
Edgewater,4,8,0.05394622046207418
Edgewater,4,9,0.05446667778063621
Edgewater,4,10,0.05974552881519795
Edgewater,4,11,0.060998473282806345
Edgewater,4,12,0.05771725253340347
Edgewater,4,13,0.04860554015455891
Edgewater,4,14,0.05717429301368764
Edgewater,4,15,0.06253296445618804
Edgewater,4,16,0.04729492654359845
Edgewater,4,17,0.04585227589737
Edgewater,4,18,0.04779201691917859
Edgewater,4,19,0.046088402724253914
Edgewater,4,20,0.05178968374847303
Edgewater,4,21,0.06343370608635622
Edgewater,4,22,0.060458960841663
Edgewater,4,23,0.0648932356542048
Edgewater,5,0,0.052884587647215514
Edgewater,5,5,0.05410741817706981
Edgewater,5,6,0.04333890985170181
Edgewater,5,7,0.05690448740282708
Edgewater,5,8,0.0486693556329243
Edgewater,5,9,0.05223288129015802
Edgewater,5,10,0.042384904291859836
Edgewater,5,11,0.04806404077645198
Edgewater,5,12,0.046654037979950276
Edgewater,5,13,0.04776226022165548
Edgewater,5,14,0.050679050959887076
Edgewater,5,15,0.05034789680728471
Edgewater,5,16,0.04321911664893301
Edgewater,5,17,0.04242704174142838
Edgewater,5,18,0.03947854487496626
Edgewater,5,19,0.04500448048530266
Edgewater,5,20,0.047575189315891796
Edgewater,5,21,0.05471079048266829
Edgewater,5,22,0.0402542271699315
Edgewater,5,23,0.05532068987599328
Edgewater,6,0,0.0450914824682468
Edgewater,6,5,0.06278827233548391
Edgewater,6,6,0.06193105249930397
Edgewater,6,7,0.05541990293732339
Edgewater,6,8,0.06045129740942092
Edgewater,6,9,0.05134438936607935
Edgewater,6,10,0.04720601044049777
Edgewater,6,11,0.048016964412550704
Edgewater,6,12,0.0415650234071852
Edgewater,6,13,0.04998382443678659
Edgewater,6,14,0.05442595370003318
Edgewater,6,15,0.043940841210151425
Edgewater,6,16,0.04359829578789471
Edgewater,6,17,0.04554524843823966
Edgewater,6,18,0.05003349141803138
Edgewater,6,19,0.05679907052046245
Edgewater,6,20,0.05070964367529193
Edgewater,6,21,0.06250501295630263
Edgewater,6,22,0.06328153153930503
Edgewater,6,23,0.06448654670852472
Humboldt Park,0,0,0.06964017623221967
Humboldt Park,0,5,0.16211357223629314
Humboldt Park,0,6,0.10316220710393077
Humboldt Park,0,7,0.09299726471488627
Humboldt Park,0,8,0.08759900237354379
Humboldt Park,0,9,0.09068177204923443
Humboldt Park,0,10,0.08693767759685211
Humboldt Park,0,11,0.0711457741185991
Humboldt Park,0,12,0.07667390705266731
Humboldt Park,0,13,0.0665961734452516
Humboldt Park,0,14,0.07936735566032029
Humboldt Park,0,15,0.0800421290293652
Humboldt Park,0,16,0.07121432061317708
Humboldt Park,0,17,0.06509608875823532
Humboldt Park,0,18,0.06773436167903261
Humboldt Park,0,19,0.06460459235498058
Humboldt Park,0,20,0.0706420093232426
Humboldt Park,0,21,0.05160981019299183
Humboldt Park,0,22,0.05285051670642831
Humboldt Park,0,23,0.05294818870061004
Humboldt Park,1,0,0.048790143851986996
Humboldt Park,1,5,0.15786677197543073
Humboldt Park,1,6,0.11383419750150617
Humboldt Park,1,7,0.09536730887622046
Humboldt Park,1,8,0.08169721554068698
Humboldt Park,1,9,0.07630588101269747
Humboldt Park,1,10,0.09901793467622332
Humboldt Park,1,11,0.08861661430533617
Humboldt Park,1,12,0.06802985306993
Humboldt Park,1,13,0.06558574157110608
Humboldt Park,1,14,0.08179909170871176
Humboldt Park,1,15,0.09272662692488104
Humboldt Park,1,16,0.07578808634712186
Humboldt Park,1,17,0.06045455954178742
Humboldt Park,1,18,0.05621480425069975
Humboldt Park,1,19,0.06227029452803232
Humboldt Park,1,20,0.05147321913374959
Humboldt Park,1,21,0.050565146647654796
Humboldt Park,1,22,0.04892552941186638
Humboldt Park,1,23,0.0443402941762396
Humboldt Park,2,0,0.049317693939744146
Humboldt Park,2,5,0.16460596386485715
Humboldt Park,2,6,0.09922945614026829
Humboldt Park,2,7,0.09577632711345506
Humboldt Park,2,8,0.07970566995020857
Humboldt Park,2,9,0.08791813872198015
Humboldt Park,2,10,0.09699771871472596
Humboldt Park,2,11,0.07252938236518194
Humboldt Park,2,12,0.07130736762986348
Humboldt Park,2,13,0.06281679107783801
Humboldt Park,2,14,0.0739149878049326
Humboldt Park,2,15,0.08876399372675231
Humboldt Park,2,16,0.07630662209743683
Humboldt Park,2,17,0.06806716263768149
Humboldt Park,2,18,0.05233666894822449
Humboldt Park,2,19,0.06199445832728549
Humboldt Park,2,20,0.055238682078838724
Humboldt Park,2,21,0.052962628191788805
Humboldt Park,2,22,0.045250503357720746
Humboldt Park,2,23,0.04636503146170335
Humboldt Park,3,0,0.06613772490870419
Humboldt Park,3,5,0.16380501342165082
Humboldt Park,3,6,0.10933135393821161
Humboldt Park,3,7,0.09050665699269395
Humboldt Park,3,8,0.07917476288600442
Humboldt Park,3,9,0.09432337604896869
Humboldt Park,3,10,0.08620675844362728
Humboldt Park,3,11,0.0828692272103169
Humboldt Park,3,12,0.07538030943938337
Humboldt Park,3,13,0.07203010457934629
Humboldt Park,3,14,0.07418861960757148
Humboldt Park,3,15,0.08999306889321185
Humboldt Park,3,16,0.07721017902152341
Humboldt Park,3,17,0.0641470505133234
Humboldt Park,3,18,0.05621947425731274
Humboldt Park,3,19,0.05498229949190192
Humboldt Park,3,20,0.04863151180610557
Humboldt Park,3,21,0.05297992649342968
Humboldt Park,3,22,0.039948877496393094
Humboldt Park,3,23,0.04133047792296682
Humboldt Park,4,0,0.030757351702400137
Humboldt Park,4,5,0.1834492909680119
Humboldt Park,4,6,0.11058134568118382
Humboldt Park,4,7,0.10987355051409643
Humboldt Park,4,8,0.08700821424704765
Humboldt Park,4,9,0.09676387006921948
Humboldt Park,4,10,0.0797385894016417
Humboldt Park,4,11,0.07332133884607005
Humboldt Park,4,12,0.06449676173567111
Humboldt Park,4,13,0.07124527809767289
Humboldt Park,4,14,0.08069809651849194
Humboldt Park,4,15,0.08990254437423227
Humboldt Park,4,16,0.07251090681629634
Humboldt Park,4,17,0.06121080786454265
Humboldt Park,4,18,0.06341120967226725
Humboldt Park,4,19,0.0565608039815418
Humboldt Park,4,20,0.05740863359274591
Humboldt Park,4,21,0.04902306260828418
Humboldt Park,4,22,0.05017045749655734
Humboldt Park,4,23,0.09059280631943478
Humboldt Park,5,0,0.03904239998661129
Humboldt Park,5,5,0.14583591290299713
Humboldt Park,5,6,0.09679314612108043
Humboldt Park,5,7,0.08976910196454206
Humboldt Park,5,8,0.11543359303807682
Humboldt Park,5,9,0.08156391369646304
Humboldt Park,5,10,0.06003597843793996
Humboldt Park,5,11,0.06577841885155943
Humboldt Park,5,12,0.06276057373684064
Humboldt Park,5,13,0.056402576841374445
Humboldt Park,5,14,0.058294400839086075
Humboldt Park,5,15,0.057917981721973925
Humboldt Park,5,16,0.06353263224997036
Humboldt Park,5,17,0.057170734765762836
Humboldt Park,5,18,0.05591460822552283
Humboldt Park,5,19,0.0513519284265237
Humboldt Park,5,20,0.045300306345118196
Humboldt Park,5,21,0.044401569097163494
Humboldt Park,5,22,0.04397536592920018
Humboldt Park,5,23,0.0318254460119907
Humboldt Park,6,0,0.036256503206190845
Humboldt Park,6,5,0.059301753587992605
Humboldt Park,6,6,0.06752667849298676
Humboldt Park,6,7,0.08843073486669407
Humboldt Park,6,8,0.08275886191678743
Humboldt Park,6,9,0.08124908098083944
Humboldt Park,6,10,0.05741769571588278
Humboldt Park,6,11,0.05799614133542654
Humboldt Park,6,12,0.05739304883603502
Humboldt Park,6,13,0.06249692201432797
Humboldt Park,6,14,0.06298032740969442
Humboldt Park,6,15,0.06331593280277956
Humboldt Park,6,16,0.06038087064475126
Humboldt Park,6,17,0.058362266196188756
Humboldt Park,6,18,0.05340787729991397
Humboldt Park,6,19,0.04903101060299576
Humboldt Park,6,20,0.05866473842053872
Humboldt Park,6,21,0.04775137540404994
Humboldt Park,6,22,0.061090450564513274
Humboldt Park,6,23,0.05398459475716688
Lake View,0,0,0.1841917545955296
Lake View,0,5,0.13458426592367687
Lake View,0,6,0.15734013652645565
Lake View,0,7,0.1781137140363568
Lake View,0,8,0.1554790278571335
Lake View,0,9,0.16669269599130454
Lake View,0,10,0.17072601214219965
Lake View,0,11,0.18210008667183308
Lake View,0,12,0.19252570409835412
Lake View,0,13,0.19011544523051446
Lake View,0,14,0.17079938554943397
Lake View,0,15,0.15687174707728194
Lake View,0,16,0.15230403676468068
Lake View,0,17,0.18131022424604148
Lake View,0,18,0.19646613594756915
Lake View,0,19,0.20413639258535055
Lake View,0,20,0.18786699090832973
Lake View,0,21,0.20520816818932672
Lake View,0,22,0.21580572217566543
Lake View,0,23,0.2020933975126978
Lake View,1,0,0.18910984401888853
Lake View,1,5,0.13489160669551162
Lake View,1,6,0.15536047911132078
Lake View,1,7,0.19463138760343324
Lake View,1,8,0.14336164489522515
Lake View,1,9,0.17546774379833152
Lake View,1,10,0.17025657565523727
Lake View,1,11,0.1474439008182965
Lake View,1,12,0.1755345581323644
Lake View,1,13,0.18865463318930742
Lake View,1,14,0.16720017195146353
Lake View,1,15,0.14264755256723097
Lake View,1,16,0.13660626475357476
Lake View,1,17,0.17989863419794686
Lake View,1,18,0.20709164374739955
Lake View,1,19,0.21911065185974907
Lake View,1,20,0.20489543161274845
Lake View,1,21,0.22332480328043094
Lake View,1,22,0.26107420773969126
Lake View,1,23,0.22258667244044764
Lake View,2,0,0.22110170285760927
Lake View,2,5,0.16343117247267444
Lake View,2,6,0.17487431644066834
Lake View,2,7,0.18543595621592654
Lake View,2,8,0.1493478819881198
Lake View,2,9,0.17712484449943108
Lake View,2,10,0.16758495772580212
Lake View,2,11,0.1802122822863528
Lake View,2,12,0.16081666686088078
Lake View,2,13,0.17936796222848034
Lake View,2,14,0.16991069416305368
Lake View,2,15,0.1504070740394658
Lake View,2,16,0.1565414164761067
Lake View,2,17,0.1901913637357497
Lake View,2,18,0.21635685001248814
Lake View,2,19,0.22719555465257385
Lake View,2,20,0.21754444718594348
Lake View,2,21,0.2287475417152599
Lake View,2,22,0.24292638923021023
Lake View,2,23,0.21916098439222545
Lake View,3,0,0.17537570103866507
Lake View,3,5,0.1416520573317068
Lake View,3,6,0.15513887696327636
Lake View,3,7,0.1739983663541066
Lake View,3,8,0.1513659265413622
Lake View,3,9,0.15884427298054837
Lake View,3,10,0.16589962016395368
Lake View,3,11,0.16722135662594634
Lake View,3,12,0.1810508706150471
Lake View,3,13,0.16918643130015049
Lake View,3,14,0.18199060104610737
Lake View,3,15,0.15028445219305728
Lake View,3,16,0.15119330791886196
Lake View,3,17,0.1723401319575953
Lake View,3,18,0.2043395653939762
Lake View,3,19,0.24034332457118665
Lake View,3,20,0.24003696914303582
Lake View,3,21,0.23572220547701414
Lake View,3,22,0.26960706065512524
Lake View,3,23,0.2702150067148791
Lake View,4,0,0.2673741705604076
Lake View,4,5,0.12813003524852415
Lake View,4,6,0.1536445903341104
Lake View,4,7,0.16312325384792017
Lake View,4,8,0.14872699166364606
Lake View,4,9,0.1768142269419485
Lake View,4,10,0.17813654848458557
Lake View,4,11,0.1736056671528092
Lake View,4,12,0.18982597393845052
Lake View,4,13,0.1836010976312969
Lake View,4,14,0.15691361071558485
Lake View,4,15,0.15143806469691856
Lake View,4,16,0.18721388052691437
Lake View,4,17,0.19812249126179352
Lake View,4,18,0.20787694826400835
Lake View,4,19,0.21660133528322112
Lake View,4,20,0.20591767127323288
Lake View,4,21,0.19261318117214118
Lake View,4,22,0.20914436154141045
Lake View,4,23,0.1964113602930083
Lake View,5,0,0.26493154572366195
Lake View,5,5,0.17577856945016432
Lake View,5,6,0.1703238481102033
Lake View,5,7,0.183259290723082
Lake View,5,8,0.1972914183988301
Lake View,5,9,0.20848538849556375
Lake View,5,10,0.22531420055211668
Lake View,5,11,0.22002264126471574
Lake View,5,12,0.22398841375740017
Lake View,5,13,0.22216449412925773
Lake View,5,14,0.2175155369328453
Lake View,5,15,0.20954088371643864
Lake View,5,16,0.22036067047548105
Lake View,5,17,0.22704102732069575
Lake View,5,18,0.2276838362285873
Lake View,5,19,0.22983587880125722
Lake View,5,20,0.2377391229546763
Lake View,5,21,0.22656649297703974
Lake View,5,22,0.2328890758378106
Lake View,5,23,0.2549901951011531
Lake View,6,0,0.25032587508950566
Lake View,6,5,0.2652798643180642
Lake View,6,6,0.22826022475255678
Lake View,6,7,0.21485621185950743
Lake View,6,8,0.23802092832214558
Lake View,6,9,0.21417676646763573
Lake View,6,10,0.2507468231639456
Lake View,6,11,0.2393033656876246
Lake View,6,12,0.24655813863502782
Lake View,6,13,0.21982438471588914
Lake View,6,14,0.21750042752847756
Lake View,6,15,0.21967163702499307
Lake View,6,16,0.23937601645683707
Lake View,6,17,0.22398555872993117
Lake View,6,18,0.22188250393410922
Lake View,6,19,0.2137301779052091
Lake View,6,20,0.2032539433598516
Lake View,6,21,0.2104740882091668
Lake View,6,22,0.20501750348446815
Lake View,6,23,0.19119434463207946
Lincoln Park,0,0,0.10862799016559833
Lincoln Park,0,5,0.06570092691060432
Lincoln Park,0,6,0.09455493477976044
Lincoln Park,0,7,0.11447765111425029
Lincoln Park,0,8,0.13695289275887973
Lincoln Park,0,9,0.13317549857802066
Lincoln Park,0,10,0.15466470081520675
Lincoln Park,0,11,0.16232246115433924
Lincoln Park,0,12,0.1485636695173997
Lincoln Park,0,13,0.16779035795739997
Lincoln Park,0,14,0.14323246497166223
Lincoln Park,0,15,0.14475795107854195
Lincoln Park,0,16,0.15741077149144414
Lincoln Park,0,17,0.14289948755080153
Lincoln Park,0,18,0.1560122409147018
Lincoln Park,0,19,0.15142504486142994
Lincoln Park,0,20,0.16305812888515964
Lincoln Park,0,21,0.16203863363108062
Lincoln Park,0,22,0.1692183280111866
Lincoln Park,0,23,0.1448592696945767
Lincoln Park,1,0,0.12941933964325023
Lincoln Park,1,5,0.109176266574399
Lincoln Park,1,6,0.1348731816123929
Lincoln Park,1,7,0.12418781861780777
Lincoln Park,1,8,0.14662476695813137
Lincoln Park,1,9,0.13003298105480313
Lincoln Park,1,10,0.13973022858599823
Lincoln Park,1,11,0.15725893271382188
Lincoln Park,1,12,0.15115818562655622
Lincoln Park,1,13,0.17363338568177955
Lincoln Park,1,14,0.15202414998520344
Lincoln Park,1,15,0.1488400949369697
Lincoln Park,1,16,0.14880396194746268
Lincoln Park,1,17,0.15005987076864605
Lincoln Park,1,18,0.1656858973710365
Lincoln Park,1,19,0.1559923413071583
Lincoln Park,1,20,0.16624031286232466
Lincoln Park,1,21,0.1670458111408835
Lincoln Park,1,22,0.17226897253840937
Lincoln Park,1,23,0.1462805061277263
Lincoln Park,2,0,0.11566858521521241
Lincoln Park,2,5,0.0670810414881561
Lincoln Park,2,6,0.11559404527910674
Lincoln Park,2,7,0.11791525356533765
Lincoln Park,2,8,0.14918012064897923
Lincoln Park,2,9,0.13604802397731944
Lincoln Park,2,10,0.1379222647152446
Lincoln Park,2,11,0.15684344325847807
Lincoln Park,2,12,0.16557118593942247
Lincoln Park,2,13,0.178051017771511
Lincoln Park,2,14,0.166495088164716
Lincoln Park,2,15,0.14802712105249133
Lincoln Park,2,16,0.13977244034221384
Lincoln Park,2,17,0.14036994723685103
Lincoln Park,2,18,0.16369688286488684
Lincoln Park,2,19,0.1560147614778646
Lincoln Park,2,20,0.1579399601905325
Lincoln Park,2,21,0.17240238374552538
Lincoln Park,2,22,0.16448033980808888
Lincoln Park,2,23,0.14865203798308133
Lincoln Park,3,0,0.13961999704167832
Lincoln Park,3,5,0.09839943863246585
Lincoln Park,3,6,0.12682516011118367
Lincoln Park,3,7,0.12147544979688071
Lincoln Park,3,8,0.14441358579220276
Lincoln Park,3,9,0.13422668169729368
Lincoln Park,3,10,0.15099718361503284
Lincoln Park,3,11,0.15313264868244156
Lincoln Park,3,12,0.15428323452308743
Lincoln Park,3,13,0.16745162302512936
Lincoln Park,3,14,0.1539831534870669
Lincoln Park,3,15,0.1457091233093336
Lincoln Park,3,16,0.15741742804300243
Lincoln Park,3,17,0.15178663938304915
Lincoln Park,3,18,0.17746773631541396
Lincoln Park,3,19,0.174621012874051
Lincoln Park,3,20,0.15777582795225778
Lincoln Park,3,21,0.16887092202797632
Lincoln Park,3,22,0.18046138786519084
Lincoln Park,3,23,0.17750821508389694
Lincoln Park,4,0,0.2008047010794012
Lincoln Park,4,5,0.07761283721095526
Lincoln Park,4,6,0.11273186044777829
Lincoln Park,4,7,0.10975840537856837
Lincoln Park,4,8,0.12714071541319125
Lincoln Park,4,9,0.11612868040818021
Lincoln Park,4,10,0.14381420418948812
Lincoln Park,4,11,0.1546579301922805
Lincoln Park,4,12,0.16804485410270367
Lincoln Park,4,13,0.16423977865035402
Lincoln Park,4,14,0.13712733362485688
Lincoln Park,4,15,0.13969272269851174
Lincoln Park,4,16,0.1506113309162039
Lincoln Park,4,17,0.16747748675846627
Lincoln Park,4,18,0.1684108356737011
Lincoln Park,4,19,0.1660816289230809
Lincoln Park,4,20,0.17205528978299592
Lincoln Park,4,21,0.16395899836949435
Lincoln Park,4,22,0.15943499502891526
Lincoln Park,4,23,0.16191670558152252
Lincoln Park,5,0,0.1644182874623453
Lincoln Park,5,5,0.09020133400782775
Lincoln Park,5,6,0.10410029247658246
Lincoln Park,5,7,0.10720052841678887
Lincoln Park,5,8,0.12096323356736259
Lincoln Park,5,9,0.14007322675426043
Lincoln Park,5,10,0.16560722759713392
Lincoln Park,5,11,0.1698250979582292
Lincoln Park,5,12,0.174663617140289
Lincoln Park,5,13,0.18760081240201298
Lincoln Park,5,14,0.17362292608134422
Lincoln Park,5,15,0.17562479875407203
Lincoln Park,5,16,0.18181088636930054
Lincoln Park,5,17,0.17403223814444707
Lincoln Park,5,18,0.17667482233347226
Lincoln Park,5,19,0.16991322592060942
Lincoln Park,5,20,0.16596955078556463
Lincoln Park,5,21,0.18637751764270663
Lincoln Park,5,22,0.2032864935108687
Lincoln Park,5,23,0.19682032216198372
Lincoln Park,6,0,0.19553424400187253
Lincoln Park,6,5,0.14795431740759363
Lincoln Park,6,6,0.10624300362429277
Lincoln Park,6,7,0.10765873069779287
Lincoln Park,6,8,0.11895362802905768
Lincoln Park,6,9,0.16296439709401633
Lincoln Park,6,10,0.17680969140471572
Lincoln Park,6,11,0.1700720707882231
Lincoln Park,6,12,0.1826992588835916
Lincoln Park,6,13,0.16789897564911777
Lincoln Park,6,14,0.1587119775203631
Lincoln Park,6,15,0.17399671005271844
Lincoln Park,6,16,0.1602064609326394
Lincoln Park,6,17,0.1704990365954948
Lincoln Park,6,18,0.15792476927879687
Lincoln Park,6,19,0.16409782378795318
Lincoln Park,6,20,0.1554204913571843
Lincoln Park,6,21,0.14799226557187503
Lincoln Park,6,22,0.1387788744401097
Lincoln Park,6,23,0.14369925215859158
Logan Square,0,0,0.13873203886731544
Logan Square,0,5,0.09169367825048048
Logan Square,0,6,0.13178108432081598
Logan Square,0,7,0.11552361747220309
Logan Square,0,8,0.10243606282120533
Logan Square,0,9,0.11476061505746037
Logan Square,0,10,0.10447788528154452
Logan Square,0,11,0.10328030797071429
Logan Square,0,12,0.09859791211680748
Logan Square,0,13,0.10009686771886821
Logan Square,0,14,0.09568303033246224
Logan Square,0,15,0.10261337855315715
Logan Square,0,16,0.10582836102332321
Logan Square,0,17,0.11222767554176917
Logan Square,0,18,0.12079405074955828
Logan Square,0,19,0.11232000410408187
Logan Square,0,20,0.11076967492135309
Logan Square,0,21,0.09545272219353425
Logan Square,0,22,0.09399809437294183
Logan Square,0,23,0.10789030765501563
Logan Square,1,0,0.13228618066980094
Logan Square,1,5,0.11531371100131711
Logan Square,1,6,0.1282687859085196
Logan Square,1,7,0.11203251794134883
Logan Square,1,8,0.10746106615906104
Logan Square,1,9,0.1190929483078773
Logan Square,1,10,0.11825967900327355
Logan Square,1,11,0.10128905351921069
Logan Square,1,12,0.10424726486386594
Logan Square,1,13,0.10457240097649796
Logan Square,1,14,0.09665635139968719
Logan Square,1,15,0.08784044042712535
Logan Square,1,16,0.10126764108302568
Logan Square,1,17,0.12124352866040067
Logan Square,1,18,0.11029843601237188
Logan Square,1,19,0.10880922444884178
Logan Square,1,20,0.10049492707615149
Logan Square,1,21,0.10947040101641403
Logan Square,1,22,0.10398503256744639
Logan Square,1,23,0.1141428175984699
Logan Square,2,0,0.13379563979601247
Logan Square,2,5,0.10263969122664775
Logan Square,2,6,0.12093972384033398
Logan Square,2,7,0.11227781422261705
Logan Square,2,8,0.11523309566887853
Logan Square,2,9,0.11588268116282227
Logan Square,2,10,0.11299792691975662
Logan Square,2,11,0.10797685334478788
Logan Square,2,12,0.10233683004688698
Logan Square,2,13,0.10678343219753512
Logan Square,2,14,0.10417842397847457
Logan Square,2,15,0.10296381129591094
Logan Square,2,16,0.10609965437724429
Logan Square,2,17,0.11624683756069124
Logan Square,2,18,0.11670540786422007
Logan Square,2,19,0.09927051751317541
Logan Square,2,20,0.10461868746319394
Logan Square,2,21,0.10309379365743389
Logan Square,2,22,0.1070714249635961
Logan Square,2,23,0.11425573001997442
Logan Square,3,0,0.13534997900842666
Logan Square,3,5,0.12303124495043158
Logan Square,3,6,0.13127166725701817
Logan Square,3,7,0.12015391411591758
Logan Square,3,8,0.11638704827623805
Logan Square,3,9,0.11765507526590388
Logan Square,3,10,0.11073345763606164
Logan Square,3,11,0.09742131562435052
Logan Square,3,12,0.10021385859988205
Logan Square,3,13,0.09958279219326524
Logan Square,3,14,0.10450841612081352
Logan Square,3,15,0.11096256135947422
Logan Square,3,16,0.10549269404324972
Logan Square,3,17,0.12247106275384412
Logan Square,3,18,0.1141657379538423
Logan Square,3,19,0.0996097435441511
Logan Square,3,20,0.08913579303829547
Logan Square,3,21,0.10194287341473025
Logan Square,3,22,0.09621943972934152
Logan Square,3,23,0.09100408267754077
Logan Square,4,0,0.09923554219399942
Logan Square,4,5,0.07301484230182252
Logan Square,4,6,0.13881023098199316
Logan Square,4,7,0.10834047419871894
Logan Square,4,8,0.10982301579786441
Logan Square,4,9,0.10574685700008218
Logan Square,4,10,0.10612235574279673
Logan Square,4,11,0.10488426396164473
Logan Square,4,12,0.09873685066750411
Logan Square,4,13,0.10114257736578697
Logan Square,4,14,0.0989569877884445
Logan Square,4,15,0.09783640961293551
Logan Square,4,16,0.11167715511951472
Logan Square,4,17,0.11025440745600247
Logan Square,4,18,0.11240819574783366
Logan Square,4,19,0.11485026328836488
Logan Square,4,20,0.1074241968218367
Logan Square,4,21,0.11560844266840839
Logan Square,4,22,0.12710285205482846
Logan Square,4,23,0.12270412874582631
Logan Square,5,0,0.11773719110974663
Logan Square,5,5,0.11408294924728461
Logan Square,5,6,0.14858154861416262
Logan Square,5,7,0.10088150520636932
Logan Square,5,8,0.09259746806289099
Logan Square,5,9,0.10102799961423736
Logan Square,5,10,0.10104832797438865
Logan Square,5,11,0.10249603552388194
Logan Square,5,12,0.10185929241998798
Logan Square,5,13,0.1005912831184074
Logan Square,5,14,0.10992702947888784
Logan Square,5,15,0.10725475157267415
Logan Square,5,16,0.09959128300628355
Logan Square,5,17,0.10511837070638662
Logan Square,5,18,0.10208329618098094
Logan Square,5,19,0.1011866434857177
Logan Square,5,20,0.09734584387296036
Logan Square,5,21,0.1025153445245407
Logan Square,5,22,0.10815886698146204
Logan Square,5,23,0.09991170342445019
Logan Square,6,0,0.10991870411071973
Logan Square,6,5,0.1030063370960669
Logan Square,6,6,0.11849169630380886
Logan Square,6,7,0.0836314755583516
Logan Square,6,8,0.09324739668950276
Logan Square,6,9,0.10589187870616615
Logan Square,6,10,0.09337463190117824
Logan Square,6,11,0.10782787161226343
Logan Square,6,12,0.1105633304068076
Logan Square,6,13,0.103419549438832
Logan Square,6,14,0.1091789623249178
Logan Square,6,15,0.10649220576680672
Logan Square,6,16,0.09214020177875244
Logan Square,6,17,0.08880889220057168
Logan Square,6,18,0.1048277037129826
Logan Square,6,19,0.10311697750858509
Logan Square,6,20,0.11051966188955178
Logan Square,6,21,0.1097981449521343
Logan Square,6,22,0.10203215430407692
Logan Square,6,23,0.1158237947377308
Near West Side,0,0,0.06443513759795728
Near West Side,0,5,0.05302089487573358
Near West Side,0,6,0.04915160828440462
Near West Side,0,7,0.04252332435641293
Near West Side,0,8,0.035925879573159396
Near West Side,0,9,0.051848109503008936
Near West Side,0,10,0.05864019417489597
Near West Side,0,11,0.07195172731645505
Near West Side,0,12,0.06407990805767744
Near West Side,0,13,0.07344612869368944
Near West Side,0,14,0.06457579368778403
Near West Side,0,15,0.06614709647029719
Near West Side,0,16,0.059740195602605316
Near West Side,0,17,0.062226346598473474
Near West Side,0,18,0.04618267765999015
Near West Side,0,19,0.043129834549694546
Near West Side,0,20,0.04966135554290013
Near West Side,0,21,0.0548926152108348
Near West Side,0,22,0.04615078238312276
Near West Side,0,23,0.07123014880769285
Near West Side,1,0,0.06395764259889498
Near West Side,1,5,0.02245152508310403
Near West Side,1,6,0.035669730571990514
Near West Side,1,7,0.026405259084694068
Near West Side,1,8,0.03576635488347281
Near West Side,1,9,0.04919830414632665
Near West Side,1,10,0.06342902123009196
Near West Side,1,11,0.05816325192520272
Near West Side,1,12,0.06737378962117982
Near West Side,1,13,0.0648753566142891
Near West Side,1,14,0.06594159688982025
Near West Side,1,15,0.07671468460629001
Near West Side,1,16,0.06979711117242794
Near West Side,1,17,0.06799484170322996
Near West Side,1,18,0.04971184361758579
Near West Side,1,19,0.04357176993786988
Near West Side,1,20,0.04165183946004877
Near West Side,1,21,0.038796632600055635
Near West Side,1,22,0.03261585985687541
Near West Side,1,23,0.04980422076529434
Near West Side,2,0,0.04798918582965233
Near West Side,2,5,0.06132029476891137
Near West Side,2,6,0.03776358293606553
Near West Side,2,7,0.02878722348028231
Near West Side,2,8,0.04000723316137705
Near West Side,2,9,0.05681740917975687
Near West Side,2,10,0.07192410738647638
Near West Side,2,11,0.06109251904121671
Near West Side,2,12,0.08246355563314085
Near West Side,2,13,0.07111217297733304
Near West Side,2,14,0.0674385811678491
Near West Side,2,15,0.06772776143418327
Near West Side,2,16,0.06929124315787631
Near West Side,2,17,0.06782314817500258
Near West Side,2,18,0.04757305453300769
Near West Side,2,19,0.04797688002635971
Near West Side,2,20,0.04620045681808777
Near West Side,2,21,0.042235219953491325
Near West Side,2,22,0.04090883115487641
Near West Side,2,23,0.05916233793174833
Near West Side,3,0,0.0574150059954877
Near West Side,3,5,0.032548860710707755
Near West Side,3,6,0.03008476077845538
Near West Side,3,7,0.02811554459742202
Near West Side,3,8,0.03711031931739066
Near West Side,3,9,0.051248855423116045
Near West Side,3,10,0.061624844504023134
Near West Side,3,11,0.06822592366479972
Near West Side,3,12,0.07076795568371091
Near West Side,3,13,0.0719182225686703
Near West Side,3,14,0.06960159690453435
Near West Side,3,15,0.07064970570139702
Near West Side,3,16,0.0641461099635013
Near West Side,3,17,0.07424897856837159
Near West Side,3,18,0.05060765996441221
Near West Side,3,19,0.04332593580013462
Near West Side,3,20,0.046955401483762996
Near West Side,3,21,0.04029224040055216
Near West Side,3,22,0.04377145291274953
Near West Side,3,23,0.050123026677563076
Near West Side,4,0,0.04085744699508145
Near West Side,4,5,0.044324567059823135
Near West Side,4,6,0.04257467183373726
Near West Side,4,7,0.03406444851565181
Near West Side,4,8,0.03717546933342542
Near West Side,4,9,0.048942712538054135
Near West Side,4,10,0.0561103606891507
Near West Side,4,11,0.05084478887826561
Near West Side,4,12,0.05837551642274252
Near West Side,4,13,0.06634998815028541
Near West Side,4,14,0.06656063983561225
Near West Side,4,15,0.06097307296521515
Near West Side,4,16,0.059076093832269944
Near West Side,4,17,0.057276463281345696
Near West Side,4,18,0.045664232040530765
Near West Side,4,19,0.04864393995912699
Near West Side,4,20,0.046015265487822685
Near West Side,4,21,0.05679286496006559
Near West Side,4,22,0.05595480790585722
Near West Side,4,23,0.061950515775723594
Near West Side,5,0,0.05881725763727252
Near West Side,5,5,0.026686381357433987
Near West Side,5,6,0.03454431051305249
Near West Side,5,7,0.051569344459965596
Near West Side,5,8,0.035185108790416135
Near West Side,5,9,0.030793792830257335
Near West Side,5,10,0.039122595506764085
Near West Side,5,11,0.04018231646092773
Near West Side,5,12,0.04346713535122694
Near West Side,5,13,0.041917616524046644
Near West Side,5,14,0.04930343733564451
Near West Side,5,15,0.04634549934179455
Near West Side,5,16,0.04147392389199249
Near West Side,5,17,0.0478760382698705
Near West Side,5,18,0.04753713908736497
Near West Side,5,19,0.04619544499490727
Near West Side,5,20,0.0509588045289582
Near West Side,5,21,0.055717001096352824
Near West Side,5,22,0.05551118742211604
Near West Side,5,23,0.05628594596002482
Near West Side,6,0,0.059158420013598216
Near West Side,6,5,0.035090261133830736
Near West Side,6,6,0.05114985728854455
Near West Side,6,7,0.06124386811435864
Near West Side,6,8,0.03655720238411508
Near West Side,6,9,0.03424096919715748
Near West Side,6,10,0.04181511896806364
Near West Side,6,11,0.049465144984257206
Near West Side,6,12,0.043414675599084455
Near West Side,6,13,0.054765277939091805
Near West Side,6,14,0.046043464841909215
Near West Side,6,15,0.03943638232011044
Near West Side,6,16,0.04695324522187976
Near West Side,6,17,0.0474267314070034
Near West Side,6,18,0.04665923767662785
Near West Side,6,19,0.040113427899301994
Near West Side,6,20,0.047197319997582324
Near West Side,6,21,0.052991218147202694
Near West Side,6,22,0.057237293933255655
Near West Side,6,23,0.06999876056627084
Uptown,0,0,0.07055139734291167
Uptown,0,5,0.06992654156398896
Uptown,0,6,0.06859225720450322
Uptown,0,7,0.06585933605879117
Uptown,0,8,0.07174336527069738
Uptown,0,9,0.07851377381942155
Uptown,0,10,0.08500912050544322
Uptown,0,11,0.09014178811107083
Uptown,0,12,0.08506341628763169
Uptown,0,13,0.08552824905751512
Uptown,0,14,0.07781806635539325
Uptown,0,15,0.0681267518509891
Uptown,0,16,0.057508098709703526
Uptown,0,17,0.07403930466568898
Uptown,0,18,0.07158852728108857
Uptown,0,19,0.07118378407479864
Uptown,0,20,0.07014968782119214
Uptown,0,21,0.06965387315173745
Uptown,0,22,0.06498198793427647
Uptown,0,23,0.06477089126223712
Uptown,1,0,0.06268173078836754
Uptown,1,5,0.050317476336152064
Uptown,1,6,0.05177377404210028
Uptown,1,7,0.07103464674071028
Uptown,1,8,0.07275832916642769
Uptown,1,9,0.07313200161369525
Uptown,1,10,0.07735369717630458
Uptown,1,11,0.07629651309317667
Uptown,1,12,0.08880256489119476
Uptown,1,13,0.0812901462673442
Uptown,1,14,0.08410173521779997
Uptown,1,15,0.05424736758803309
Uptown,1,16,0.06540919827552087
Uptown,1,17,0.06843572967573407
Uptown,1,18,0.0691990475717483
Uptown,1,19,0.0720818514563513
Uptown,1,20,0.07722837154297274
Uptown,1,21,0.0708528040969664
Uptown,1,22,0.07604236420633807
Uptown,1,23,0.08542339792473524
Uptown,2,0,0.07850368184620136
Uptown,2,5,0.049746015951549545
Uptown,2,6,0.07447683311678939
Uptown,2,7,0.0659871421473789
Uptown,2,8,0.06801195308162106
Uptown,2,9,0.07623693650514735
Uptown,2,10,0.07688433310857389
Uptown,2,11,0.08427077055523231
Uptown,2,12,0.08378981355808407
Uptown,2,13,0.06855871531991015
Uptown,2,14,0.06669653237962361
Uptown,2,15,0.05687026069824328
Uptown,2,16,0.05876522749838919
Uptown,2,17,0.06284154989433575
Uptown,2,18,0.0683431939223275
Uptown,2,19,0.07016479725920576
Uptown,2,20,0.07343288323398997
Uptown,2,21,0.07558860742546654
Uptown,2,22,0.06781635462146957
Uptown,2,23,0.08136507673966747
Uptown,3,0,0.06994274453011548
Uptown,3,5,0.039552923360893395
Uptown,3,6,0.07609204991032842
Uptown,3,7,0.072855818792977
Uptown,3,8,0.07098980822266991
Uptown,3,9,0.07978814182087801
Uptown,3,10,0.08158834454260341
Uptown,3,11,0.08069245184006617
Uptown,3,12,0.08307260013037235
Uptown,3,13,0.07493931963697614
Uptown,3,14,0.07882062873502103
Uptown,3,15,0.059937347161873614
Uptown,3,16,0.06114067120003921
Uptown,3,17,0.064920848763431
Uptown,3,18,0.06645927844890713
Uptown,3,19,0.06724464067713236
Uptown,3,20,0.07261638379658521
Uptown,3,21,0.07215321846446394
Uptown,3,22,0.07061331873497437
Uptown,3,23,0.08179264933699312
Uptown,4,0,0.07158334832111729
Uptown,4,5,0.07937506642713385
Uptown,4,6,0.06851721180666781
Uptown,4,7,0.07514551726569363
Uptown,4,8,0.07170429009548371
Uptown,4,9,0.07324132653316434
Uptown,4,10,0.06854404999855807
Uptown,4,11,0.08315307704519924
Uptown,4,12,0.0780693959550166
Uptown,4,13,0.07362747979147374
Uptown,4,14,0.06562063018822613
Uptown,4,15,0.06101004530434404
Uptown,4,16,0.06406541479394573
Uptown,4,17,0.06689914450115007
Uptown,4,18,0.0727862221204118
Uptown,4,19,0.07386197512047792
Uptown,4,20,0.06524601281964236
Uptown,4,21,0.06962363273185534
Uptown,4,22,0.05968567605952231
Uptown,4,23,0.0634524088396045
Uptown,5,0,0.061740712433716906
Uptown,5,5,0.06765458178487703
Uptown,5,6,0.08791552985595587
Uptown,5,7,0.0807283114700578
Uptown,5,8,0.09207153929046119
Uptown,5,9,0.08688660664088446
Uptown,5,10,0.08653907924284755
Uptown,5,11,0.08300146024678662
Uptown,5,12,0.0736636493155835
Uptown,5,13,0.07071265018639417
Uptown,5,14,0.07048612535837641
Uptown,5,15,0.0697055350880498
Uptown,5,16,0.0657435099572219
Uptown,5,17,0.07088758384182413
Uptown,5,18,0.06288266943514363
Uptown,5,19,0.06846283802438093
Uptown,5,20,0.0591426491699189
Uptown,5,21,0.060168502348472416
Uptown,5,22,0.06250731789577507
Uptown,5,23,0.06863726360337455
Uptown,6,0,0.06544569833662119
Uptown,6,5,0.06741323528140707
Uptown,6,6,0.08826720872244022
Uptown,6,7,0.08158968953403464
Uptown,6,8,0.09525065660490806
Uptown,6,9,0.07217313849284543
Uptown,6,10,0.0852286534416164
Uptown,6,11,0.08414653197808158
Uptown,6,12,0.07374162908249854
Uptown,6,13,0.07540961719461205
Uptown,6,14,0.07998651370383861
Uptown,6,15,0.07925825080544496
Uptown,6,16,0.07375835522483648
Uptown,6,17,0.07305804709913034
Uptown,6,18,0.07149016285441724
Uptown,6,19,0.06652714675498993
Uptown,6,20,0.06824840110471565
Uptown,6,21,0.07749729832052775
Uptown,6,22,0.0774803784836599
Uptown,6,23,0.0736739652939722
West Town,0,0,0.13854681727516427
West Town,0,5,0.11287256377719211
West Town,0,6,0.10947608400273583
West Town,0,7,0.11560379917321872
West Town,0,8,0.12933223024423812
West Town,0,9,0.13797955776552498
West Town,0,10,0.1158707868968416
West Town,0,11,0.10378971031062034
West Town,0,12,0.1181809136243952
West Town,0,13,0.11367784838671495
West Town,0,14,0.13099432762418584
West Town,0,15,0.11709168183709982
West Town,0,16,0.12182851443621945
West Town,0,17,0.1290352175217645
West Town,0,18,0.12258508114580315
West Town,0,19,0.12109085405827007
West Town,0,20,0.11218155729272554
West Town,0,21,0.12748984133453325
West Town,0,22,0.13314850847934293
West Town,0,23,0.11666761468016623
West Town,1,0,0.12674518867100218
West Town,1,5,0.10603172530167436
West Town,1,6,0.13024808459788925
West Town,1,7,0.11618476415395794
West Town,1,8,0.13068693419544294
West Town,1,9,0.14397971013666278
West Town,1,10,0.10148824062504094
West Town,1,11,0.11723403592022007
West Town,1,12,0.11398916310405678
West Town,1,13,0.0984079342237899
West Town,1,14,0.10432985952287037
West Town,1,15,0.10614761233493149
West Town,1,16,0.1264507190109229
West Town,1,17,0.12486673141762943
West Town,1,18,0.12301748674126879
West Town,1,19,0.11161975461632766
West Town,1,20,0.12053897355022841
West Town,1,21,0.11607869472319249
West Town,1,22,0.11516385729901153
West Town,1,23,0.11096356975675459
West Town,2,0,0.11537514676143351
West Town,2,5,0.1106685968840119
West Town,2,6,0.11575775147026927
West Town,2,7,0.11717618046333342
West Town,2,8,0.13230983488578008
West Town,2,9,0.13874485287493074
West Town,2,10,0.11530380010520301
West Town,2,11,0.11760260150536665
West Town,2,12,0.11803151850295489
West Town,2,13,0.12784062202312518
West Town,2,14,0.11939444139977794
West Town,2,15,0.12413280723648948
West Town,2,16,0.12127258937983472
West Town,2,17,0.13598351694362598
West Town,2,18,0.12372185334885732
West Town,2,19,0.12255525737437273
West Town,2,20,0.11754379620399562
West Town,2,21,0.11159887648398183
West Town,2,22,0.12975487012807171
West Town,2,23,0.12133494999008985
West Town,3,0,0.13314591420211913
West Town,3,5,0.1121245647103741
West Town,3,6,0.11152445671515998
West Town,3,7,0.11543680912242738
West Town,3,8,0.12489180823366505
West Town,3,9,0.13988451009849612
West Town,3,10,0.12426105218489636
West Town,3,11,0.12458750602039566
West Town,3,12,0.11205104510505175
West Town,3,13,0.12268613498798464
West Town,3,14,0.13032616618002688
West Town,3,15,0.12203063709197323
West Town,3,16,0.12165070823817352
West Town,3,17,0.12858905765538828
West Town,3,18,0.1292643185679843
West Town,3,19,0.1158503928513134
West Town,3,20,0.12331458114868599
West Town,3,21,0.11054037843129787
West Town,3,22,0.13101025876019326
West Town,3,23,0.11404301995313901
West Town,4,0,0.11526401359765794
West Town,4,5,0.12049848973570705
West Town,4,6,0.09694483804021221
West Town,4,7,0.10661610768897352
West Town,4,8,0.12172415736540794
West Town,4,9,0.12477259006154552
West Town,4,10,0.12157583968961828
West Town,4,11,0.11679694528480883
West Town,4,12,0.12821087148914162
West Town,4,13,0.11713439347259297
West Town,4,14,0.11414970351063025
West Town,4,15,0.12316783297456256
West Town,4,16,0.12031199169596068
West Town,4,17,0.12212323091719633
West Town,4,18,0.1250918833864025
West Town,4,19,0.11429560417709829
West Town,4,20,0.1202729835958932
West Town,4,21,0.12285801672363238
West Town,4,22,0.12445775778107755
West Town,4,23,0.1253373128254097
West Town,5,0,0.13579496350280837
West Town,5,5,0.0775084805768485
West Town,5,6,0.0868413862804386
West Town,5,7,0.10758758559275781
West Town,5,8,0.09615281640523184
West Town,5,9,0.10409377482925362
West Town,5,10,0.11191179269392065
West Town,5,11,0.11928949705418432
West Town,5,12,0.1114104442508208
West Town,5,13,0.11709675699056638
West Town,5,14,0.11422718883445084
West Town,5,15,0.13108242164741624
West Town,5,16,0.12564162661158165
West Town,5,17,0.12278565490606654
West Town,5,18,0.12148835185540441
West Town,5,19,0.13001756656713143
West Town,5,20,0.13052088476477383
West Town,5,21,0.11504466451893065
West Town,5,22,0.13399089610972756
West Town,5,23,0.125054843361632
West Town,6,0,0.1402987406743551
West Town,6,5,0.11895169433284818
West Town,6,6,0.10079680363509992
West Town,6,7,0.0800477638124127
West Town,6,8,0.12462561501916097
West Town,6,9,0.11606058039894496
West Town,6,10,0.1082824303876396
West Town,6,11,0.11938698824550835
West Town,6,12,0.11061094418462543
West Town,6,13,0.10785600002255419
West Town,6,14,0.10382933095931192
West Town,6,15,0.11413492156530439
West Town,6,16,0.11613293359682565
West Town,6,17,0.11831037742271794
West Town,6,18,0.1176447342809
West Town,6,19,0.1290871772663116
West Town,6,20,0.12941031789020918
West Town,6,21,0.11803874070641474
West Town,6,22,0.12668843911496772
West Town,6,23,0.12769777270964375
