community,available_scooters
Austin,705
West Town,702
Lake View,575
Logan Square,574
Lincoln Park,528
Belmont Cragin,491
Humboldt Park,344
West Englewood,297
Chicago Lawn,273
Auburn Gresham,236
Chatham,233
New City,232
Greater Grand Crossing,225
West Ridge,217
Englewood,207
South Chicago,186
Roseland,179
South Shore,176
North Center,173
West Pullman,171
Portage Park,165
North Lawndale,165
Uptown,147
Washington Park,144
Grand Boulevard,142
Lincoln Square,142
Hermosa,140
Near West Side,138
Gage Park,138
Dunning,136
Rogers Park,135
Brighton Park,128
South Deering,128
Avondale,127
Irving Park,120
Woodlawn,119
Washington Heights,116
Montclare,116
West Garfield Park,115
Edgewater,113
South Lawndale,95
Hyde Park,93
Albany Park,91
East Garfield Park,80
Garfield Ridge,79
Ashburn,79
West Lawn,75
Morgan Park,71
Avalon Park,71
Near North Side,70
Calumet Heights,69
Riverdale,66
Jefferson Park,64
Lower West Side,63
Kenwood,61
Bridgeport,57
East Side,57
Douglas,53
Archer Heights,48
North Park,44
Pullman,43
Forest Glen,39
Mckinley Park,37
Armour Square,34
Oakland,32
Fuller Park,31
Clearing,31
Norwood Park,28
West Elsdon,26
Burnside,25
Beverly,22
Near South Side,17
Hegewisch,16
Mount Greenwood,14
Edison Park,5
Ohare,5
