source,destination,distance_km,scooters,scooter_km
West Town,Humboldt Park,3.6985798996350105,19,70.2730180930652
Belmont Cragin,Humboldt Park,4.773491971130572,10,47.73491971130572
Logan Square,Edgewater,7.693689901855623,6,46.16213941113374
Belmont Cragin,Austin,3.6874502339053135,5,18.43725116952657
Lincoln Park,Lake View,2.4517873635483847,3,7.355362090645154
Lincoln Park,Uptown,4.8175282704657905,2,9.635056540931581
West Town,Uptown,7.371365166632156,2,14.742730333264312
West Town,Near West Side,3.2025456947905964,2,6.405091389581193
Logan Square,Uptown,5.97646518608024,1,5.97646518608024
