community,weekday,hour,predicted_demand,available_scooters,demand_share,target_scooters,imbalance,pressure,need_score
Lake View,2,6,19.5,575,0.2524271844660194,1079,-504,0.03391304347826087,9.107218062704726
Uptown,2,6,6.75,147,0.087378640776699,373,-226,0.04591836734693878,4.093062704726252
Humboldt Park,2,6,9.25,344,0.1197411003236245,512,-168,0.02688953488372093,3.032405240992045
Near West Side,2,6,3.0,138,0.0388349514563106,166,-28,0.021739130434782608,0.5057323350491343
Near North Side,2,6,1.5,70,0.0194174757281553,83,-13,0.02142857142857143,0.23479176415535785
Lincoln Park,2,6,9.75,528,0.1262135922330097,539,-11,0.018465909090909092,0.20671502105755657
Logan Square,2,6,9.0,574,0.116504854368932,498,76,0.0156794425087108,-1.374707533926065
Belmont Cragin,2,6,7.25,491,0.0938511326860841,401,90,0.014765784114052953,-1.6245320542817048
Austin,2,6,7.25,705,0.0938511326860841,401,304,0.01028368794326241,-5.492454375292468
West Town,2,6,4.0,702,0.0517799352750809,221,481,0.005698005698005698,-8.68823116518484
